sku,name,category,supplier_id,cost_price,selling_price,supplier_lead_time_days
health-and-beauty-74_69,Health and beauty,Health and beauty,SUP-1,74.69,74.69,7
electronic-accessories-15_28,Electronic accessories,Electronic accessories,SUP-1,15.28,15.28,7
home-and-lifestyle-46_33,Home and lifestyle,Home and lifestyle,SUP-1,46.33,46.33,7
health-and-beauty-58_22,Health and beauty,Health and beauty,SUP-1,58.22,58.22,7
sports-and-travel-86_31,Sports and travel,Sports and travel,SUP-1,86.31,86.31,7
electronic-accessories-85_39,Electronic accessories,Electronic accessories,SUP-1,85.39,85.39,7
electronic-accessories-68_84,Electronic accessories,Electronic accessories,SUP-1,68.84,68.84,7
home-and-lifestyle-73_56,Home and lifestyle,Home and lifestyle,SUP-1,73.56,73.56,7
health-and-beauty-36_26,Health and beauty,Health and beauty,SUP-1,36.26,36.26,7
food-and-beverages-54_84,Food and beverages,Food and beverages,SUP-1,54.84,54.84,7
fashion-accessories-14_48,Fashion accessories,Fashion accessories,SUP-1,14.48,14.48,7
electronic-accessories-25_51,Electronic accessories,Electronic accessories,SUP-1,25.51,25.51,7
electronic-accessories-46_95,Electronic accessories,Electronic accessories,SUP-1,46.95,46.95,7
food-and-beverages-43_19,Food and beverages,Food and beverages,SUP-1,43.19,43.19,7
health-and-beauty-71_38,Health and beauty,Health and beauty,SUP-1,71.38,71.38,7
sports-and-travel-93_72,Sports and travel,Sports and travel,SUP-1,93.72,93.72,7
health-and-beauty-68_93,Health and beauty,Health and beauty,SUP-1,68.93,68.93,7
sports-and-travel-72_61,Sports and travel,Sports and travel,SUP-1,72.61,72.61,7
food-and-beverages-54_67,Food and beverages,Food and beverages,SUP-1,54.67,54.67,7
home-and-lifestyle-40_30,Home and lifestyle,Home and lifestyle,SUP-1,40.3,40.3,7
electronic-accessories-86_04,Electronic accessories,Electronic accessories,SUP-1,86.04,86.04,7
health-and-beauty-87_98,Health and beauty,Health and beauty,SUP-1,87.98,87.98,7
home-and-lifestyle-33_20,Home and lifestyle,Home and lifestyle,SUP-1,33.2,33.2,7
electronic-accessories-34_56,Electronic accessories,Electronic accessories,SUP-1,34.56,34.56,7
sports-and-travel-88_63,Sports and travel,Sports and travel,SUP-1,88.63,88.63,7
home-and-lifestyle-52_59,Home and lifestyle,Home and lifestyle,SUP-1,52.59,52.59,7
fashion-accessories-33_52,Fashion accessories,Fashion accessories,SUP-1,33.52,33.52,7
fashion-accessories-87_67,Fashion accessories,Fashion accessories,SUP-1,87.67,87.67,7
food-and-beverages-88_36,Food and beverages,Food and beverages,SUP-1,88.36,88.36,7
health-and-beauty-24_89,Health and beauty,Health and beauty,SUP-1,24.89,24.89,7
fashion-accessories-94_13,Fashion accessories,Fashion accessories,SUP-1,94.13,94.13,7
sports-and-travel-78_07,Sports and travel,Sports and travel,SUP-1,78.07,78.07,7
sports-and-travel-83_78,Sports and travel,Sports and travel,SUP-1,83.78,83.78,7
health-and-beauty-96_58,Health and beauty,Health and beauty,SUP-1,96.58,96.58,7
food-and-beverages-99_42,Food and beverages,Food and beverages,SUP-1,99.42,99.42,7
sports-and-travel-68_12,Sports and travel,Sports and travel,SUP-1,68.12,68.12,7
sports-and-travel-62_62,Sports and travel,Sports and travel,SUP-1,62.62,62.62,7
electronic-accessories-60_88,Electronic accessories,Electronic accessories,SUP-1,60.88,60.88,7
health-and-beauty-54_92,Health and beauty,Health and beauty,SUP-1,54.92,54.92,7
home-and-lifestyle-30_12,Home and lifestyle,Home and lifestyle,SUP-1,30.12,30.12,7
home-and-lifestyle-86_72,Home and lifestyle,Home and lifestyle,SUP-1,86.72,86.72,7
home-and-lifestyle-56_11,Home and lifestyle,Home and lifestyle,SUP-1,56.11,56.11,7
sports-and-travel-69_12,Sports and travel,Sports and travel,SUP-1,69.12,69.12,7
food-and-beverages-98_70,Food and beverages,Food and beverages,SUP-1,98.7,98.7,7
health-and-beauty-15_37,Health and beauty,Health and beauty,SUP-1,15.37,15.37,7
electronic-accessories-93_96,Electronic accessories,Electronic accessories,SUP-1,93.96,93.96,7
health-and-beauty-56_69,Health and beauty,Health and beauty,SUP-1,56.69,56.69,7
food-and-beverages-20_01,Food and beverages,Food and beverages,SUP-1,20.01,20.01,7
electronic-accessories-18_93,Electronic accessories,Electronic accessories,SUP-1,18.93,18.93,7
fashion-accessories-82_63,Fashion accessories,Fashion accessories,SUP-1,82.63,82.63,7
food-and-beverages-91_40,Food and beverages,Food and beverages,SUP-1,91.4,91.4,7
food-and-beverages-44_59,Food and beverages,Food and beverages,SUP-1,44.59,44.59,7
fashion-accessories-17_87,Fashion accessories,Fashion accessories,SUP-1,17.87,17.87,7
fashion-accessories-15_43,Fashion accessories,Fashion accessories,SUP-1,15.43,15.43,7
home-and-lifestyle-16_16,Home and lifestyle,Home and lifestyle,SUP-1,16.16,16.16,7
electronic-accessories-85_98,Electronic accessories,Electronic accessories,SUP-1,85.98,85.98,7
home-and-lifestyle-44_34,Home and lifestyle,Home and lifestyle,SUP-1,44.34,44.34,7
health-and-beauty-89_60,Health and beauty,Health and beauty,SUP-1,89.6,89.6,7
home-and-lifestyle-72_35,Home and lifestyle,Home and lifestyle,SUP-1,72.35,72.35,7
electronic-accessories-30_61,Electronic accessories,Electronic accessories,SUP-1,30.61,30.61,7
sports-and-travel-24_74,Sports and travel,Sports and travel,SUP-1,24.74,24.74,7
home-and-lifestyle-55_73,Home and lifestyle,Home and lifestyle,SUP-1,55.73,55.73,7
sports-and-travel-55_07,Sports and travel,Sports and travel,SUP-1,55.07,55.07,7
sports-and-travel-15_81,Sports and travel,Sports and travel,SUP-1,15.81,15.81,7
health-and-beauty-75_74,Health and beauty,Health and beauty,SUP-1,75.74,75.74,7
health-and-beauty-15_87,Health and beauty,Health and beauty,SUP-1,15.87,15.87,7
health-and-beauty-33_47,Health and beauty,Health and beauty,SUP-1,33.47,33.47,7
fashion-accessories-97_61,Fashion accessories,Fashion accessories,SUP-1,97.61,97.61,7
sports-and-travel-78_77,Sports and travel,Sports and travel,SUP-1,78.77,78.77,7
health-and-beauty-18_33,Health and beauty,Health and beauty,SUP-1,18.33,18.33,7
food-and-beverages-89_48,Food and beverages,Food and beverages,SUP-1,89.48,89.48,7
fashion-accessories-62_12,Fashion accessories,Fashion accessories,SUP-1,62.12,62.12,7
food-and-beverages-48_52,Food and beverages,Food and beverages,SUP-1,48.52,48.52,7
electronic-accessories-75_91,Electronic accessories,Electronic accessories,SUP-1,75.91,75.91,7
home-and-lifestyle-74_67,Home and lifestyle,Home and lifestyle,SUP-1,74.67,74.67,7
electronic-accessories-41_65,Electronic accessories,Electronic accessories,SUP-1,41.65,41.65,7
fashion-accessories-49_04,Fashion accessories,Fashion accessories,SUP-1,49.04,49.04,7
fashion-accessories-20_01,Fashion accessories,Fashion accessories,SUP-1,20.01,20.01,7
food-and-beverages-78_31,Food and beverages,Food and beverages,SUP-1,78.31,78.31,7
health-and-beauty-20_38,Health and beauty,Health and beauty,SUP-1,20.38,20.38,7
health-and-beauty-99_19,Health and beauty,Health and beauty,SUP-1,99.19,99.19,7
food-and-beverages-96_68,Food and beverages,Food and beverages,SUP-1,96.68,96.68,7
food-and-beverages-19_25,Food and beverages,Food and beverages,SUP-1,19.25,19.25,7
food-and-beverages-80_36,Food and beverages,Food and beverages,SUP-1,80.36,80.36,7
sports-and-travel-48_91,Sports and travel,Sports and travel,SUP-1,48.91,48.91,7
sports-and-travel-83_06,Sports and travel,Sports and travel,SUP-1,83.06,83.06,7
fashion-accessories-76_52,Fashion accessories,Fashion accessories,SUP-1,76.52,76.52,7
food-and-beverages-49_38,Food and beverages,Food and beverages,SUP-1,49.38,49.38,7
sports-and-travel-42_47,Sports and travel,Sports and travel,SUP-1,42.47,42.47,7
health-and-beauty-76_99,Health and beauty,Health and beauty,SUP-1,76.99,76.99,7
home-and-lifestyle-47_38,Home and lifestyle,Home and lifestyle,SUP-1,47.38,47.38,7
sports-and-travel-44_86,Sports and travel,Sports and travel,SUP-1,44.86,44.86,7
sports-and-travel-21_98,Sports and travel,Sports and travel,SUP-1,21.98,21.98,7
health-and-beauty-64_36,Health and beauty,Health and beauty,SUP-1,64.36,64.36,7
health-and-beauty-89_75,Health and beauty,Health and beauty,SUP-1,89.75,89.75,7
electronic-accessories-97_16,Electronic accessories,Electronic accessories,SUP-1,97.16,97.16,7
health-and-beauty-87_87,Health and beauty,Health and beauty,SUP-1,87.87,87.87,7
electronic-accessories-12_45,Electronic accessories,Electronic accessories,SUP-1,12.45,12.45,7
food-and-beverages-52_75,Food and beverages,Food and beverages,SUP-1,52.75,52.75,7
home-and-lifestyle-82_70,Home and lifestyle,Home and lifestyle,SUP-1,82.7,82.7,7
fashion-accessories-48_71,Fashion accessories,Fashion accessories,SUP-1,48.71,48.71,7
fashion-accessories-78_55,Fashion accessories,Fashion accessories,SUP-1,78.55,78.55,7
electronic-accessories-23_07,Electronic accessories,Electronic accessories,SUP-1,23.07,23.07,7
food-and-beverages-58_26,Food and beverages,Food and beverages,SUP-1,58.26,58.26,7
health-and-beauty-30_35,Health and beauty,Health and beauty,SUP-1,30.35,30.35,7
electronic-accessories-88_67,Electronic accessories,Electronic accessories,SUP-1,88.67,88.67,7
fashion-accessories-27_38,Fashion accessories,Fashion accessories,SUP-1,27.38,27.38,7
sports-and-travel-62_13,Sports and travel,Sports and travel,SUP-1,62.13,62.13,7
food-and-beverages-33_98,Food and beverages,Food and beverages,SUP-1,33.98,33.98,7
electronic-accessories-81_97,Electronic accessories,Electronic accessories,SUP-1,81.97,81.97,7
sports-and-travel-16_49,Sports and travel,Sports and travel,SUP-1,16.49,16.49,7
health-and-beauty-98_21,Health and beauty,Health and beauty,SUP-1,98.21,98.21,7
fashion-accessories-72_84,Fashion accessories,Fashion accessories,SUP-1,72.84,72.84,7
home-and-lifestyle-58_07,Home and lifestyle,Home and lifestyle,SUP-1,58.07,58.07,7
home-and-lifestyle-80_79,Home and lifestyle,Home and lifestyle,SUP-1,80.79,80.79,7
fashion-accessories-27_02,Fashion accessories,Fashion accessories,SUP-1,27.02,27.02,7
fashion-accessories-21_94,Fashion accessories,Fashion accessories,SUP-1,21.94,21.94,7
fashion-accessories-51_36,Fashion accessories,Fashion accessories,SUP-1,51.36,51.36,7
food-and-beverages-10_96,Food and beverages,Food and beverages,SUP-1,10.96,10.96,7
home-and-lifestyle-53_44,Home and lifestyle,Home and lifestyle,SUP-1,53.44,53.44,7
electronic-accessories-99_56,Electronic accessories,Electronic accessories,SUP-1,99.56,99.56,7
sports-and-travel-57_12,Sports and travel,Sports and travel,SUP-1,57.12,57.12,7
sports-and-travel-99_96,Sports and travel,Sports and travel,SUP-1,99.96,99.96,7
home-and-lifestyle-63_91,Home and lifestyle,Home and lifestyle,SUP-1,63.91,63.91,7
fashion-accessories-56_47,Fashion accessories,Fashion accessories,SUP-1,56.47,56.47,7
home-and-lifestyle-93_69,Home and lifestyle,Home and lifestyle,SUP-1,93.69,93.69,7
sports-and-travel-32_25,Sports and travel,Sports and travel,SUP-1,32.25,32.25,7
fashion-accessories-31_73,Fashion accessories,Fashion accessories,SUP-1,31.73,31.73,7
food-and-beverages-68_54,Food and beverages,Food and beverages,SUP-1,68.54,68.54,7
sports-and-travel-90_28,Sports and travel,Sports and travel,SUP-1,90.28,90.28,7
fashion-accessories-39_62,Fashion accessories,Fashion accessories,SUP-1,39.62,39.62,7
sports-and-travel-92_13,Sports and travel,Sports and travel,SUP-1,92.13,92.13,7
sports-and-travel-34_84,Sports and travel,Sports and travel,SUP-1,34.84,34.84,7
electronic-accessories-87_45,Electronic accessories,Electronic accessories,SUP-1,87.45,87.45,7
health-and-beauty-81_30,Health and beauty,Health and beauty,SUP-1,81.3,81.3,7
fashion-accessories-90_22,Fashion accessories,Fashion accessories,SUP-1,90.22,90.22,7
electronic-accessories-26_31,Electronic accessories,Electronic accessories,SUP-1,26.31,26.31,7
home-and-lifestyle-34_42,Home and lifestyle,Home and lifestyle,SUP-1,34.42,34.42,7
sports-and-travel-51_91,Sports and travel,Sports and travel,SUP-1,51.91,51.91,7
sports-and-travel-72_50,Sports and travel,Sports and travel,SUP-1,72.5,72.5,7
sports-and-travel-89_80,Sports and travel,Sports and travel,SUP-1,89.8,89.8,7
health-and-beauty-90_50,Health and beauty,Health and beauty,SUP-1,90.5,90.5,7
health-and-beauty-68_60,Health and beauty,Health and beauty,SUP-1,68.6,68.6,7
food-and-beverages-30_41,Food and beverages,Food and beverages,SUP-1,30.41,30.41,7
home-and-lifestyle-77_95,Home and lifestyle,Home and lifestyle,SUP-1,77.95,77.95,7
health-and-beauty-46_26,Health and beauty,Health and beauty,SUP-1,46.26,46.26,7
fashion-accessories-30_14,Fashion accessories,Fashion accessories,SUP-1,30.14,30.14,7
health-and-beauty-66_14,Health and beauty,Health and beauty,SUP-1,66.14,66.14,7
home-and-lifestyle-71_86,Home and lifestyle,Home and lifestyle,SUP-1,71.86,71.86,7
health-and-beauty-32_46,Health and beauty,Health and beauty,SUP-1,32.46,32.46,7
fashion-accessories-91_54,Fashion accessories,Fashion accessories,SUP-1,91.54,91.54,7
sports-and-travel-34_56,Sports and travel,Sports and travel,SUP-1,34.56,34.56,7
fashion-accessories-83_24,Fashion accessories,Fashion accessories,SUP-1,83.24,83.24,7
food-and-beverages-16_48,Food and beverages,Food and beverages,SUP-1,16.48,16.48,7
sports-and-travel-80_97,Sports and travel,Sports and travel,SUP-1,80.97,80.97,7
food-and-beverages-92_29,Food and beverages,Food and beverages,SUP-1,92.29,92.29,7
electronic-accessories-72_17,Electronic accessories,Electronic accessories,SUP-1,72.17,72.17,7
home-and-lifestyle-50_28,Home and lifestyle,Home and lifestyle,SUP-1,50.28,50.28,7
health-and-beauty-97_22,Health and beauty,Health and beauty,SUP-1,97.22,97.22,7
sports-and-travel-93_39,Sports and travel,Sports and travel,SUP-1,93.39,93.39,7
food-and-beverages-43_18,Food and beverages,Food and beverages,SUP-1,43.18,43.18,7
sports-and-travel-63_69,Sports and travel,Sports and travel,SUP-1,63.69,63.69,7
food-and-beverages-45_79,Food and beverages,Food and beverages,SUP-1,45.79,45.79,7
sports-and-travel-76_40,Sports and travel,Sports and travel,SUP-1,76.4,76.4,7
food-and-beverages-39_90,Food and beverages,Food and beverages,SUP-1,39.9,39.9,7
health-and-beauty-42_57,Health and beauty,Health and beauty,SUP-1,42.57,42.57,7
home-and-lifestyle-95_58,Home and lifestyle,Home and lifestyle,SUP-1,95.58,95.58,7
fashion-accessories-98_98,Fashion accessories,Fashion accessories,SUP-1,98.98,98.98,7
food-and-beverages-51_28,Food and beverages,Food and beverages,SUP-1,51.28,51.28,7
sports-and-travel-69_52,Sports and travel,Sports and travel,SUP-1,69.52,69.52,7
health-and-beauty-70_01,Health and beauty,Health and beauty,SUP-1,70.01,70.01,7
food-and-beverages-80_05,Food and beverages,Food and beverages,SUP-1,80.05,80.05,7
electronic-accessories-20_85,Electronic accessories,Electronic accessories,SUP-1,20.85,20.85,7
electronic-accessories-52_89,Electronic accessories,Electronic accessories,SUP-1,52.89,52.89,7
food-and-beverages-19_79,Food and beverages,Food and beverages,SUP-1,19.79,19.79,7
home-and-lifestyle-33_84,Home and lifestyle,Home and lifestyle,SUP-1,33.84,33.84,7
food-and-beverages-22_17,Food and beverages,Food and beverages,SUP-1,22.17,22.17,7
fashion-accessories-22_51,Fashion accessories,Fashion accessories,SUP-1,22.51,22.51,7
food-and-beverages-73_88,Food and beverages,Food and beverages,SUP-1,73.88,73.88,7
health-and-beauty-86_80,Health and beauty,Health and beauty,SUP-1,86.8,86.8,7
fashion-accessories-64_26,Fashion accessories,Fashion accessories,SUP-1,64.26,64.26,7
food-and-beverages-38_47,Food and beverages,Food and beverages,SUP-1,38.47,38.47,7
sports-and-travel-15_50,Sports and travel,Sports and travel,SUP-1,15.5,15.5,7
health-and-beauty-34_31,Health and beauty,Health and beauty,SUP-1,34.31,34.31,7
sports-and-travel-12_34,Sports and travel,Sports and travel,SUP-1,12.34,12.34,7
food-and-beverages-18_08,Food and beverages,Food and beverages,SUP-1,18.08,18.08,7
home-and-lifestyle-94_49,Home and lifestyle,Home and lifestyle,SUP-1,94.49,94.49,7
home-and-lifestyle-46_47,Home and lifestyle,Home and lifestyle,SUP-1,46.47,46.47,7
home-and-lifestyle-74_07,Home and lifestyle,Home and lifestyle,SUP-1,74.07,74.07,7
home-and-lifestyle-69_81,Home and lifestyle,Home and lifestyle,SUP-1,69.81,69.81,7
home-and-lifestyle-77_04,Home and lifestyle,Home and lifestyle,SUP-1,77.04,77.04,7
fashion-accessories-73_52,Fashion accessories,Fashion accessories,SUP-1,73.52,73.52,7
food-and-beverages-87_80,Food and beverages,Food and beverages,SUP-1,87.8,87.8,7
home-and-lifestyle-25_55,Home and lifestyle,Home and lifestyle,SUP-1,25.55,25.55,7
electronic-accessories-32_71,Electronic accessories,Electronic accessories,SUP-1,32.71,32.71,7
fashion-accessories-74_29,Fashion accessories,Fashion accessories,SUP-1,74.29,74.29,7
health-and-beauty-43_70,Health and beauty,Health and beauty,SUP-1,43.7,43.7,7
home-and-lifestyle-25_29,Home and lifestyle,Home and lifestyle,SUP-1,25.29,25.29,7
health-and-beauty-41_50,Health and beauty,Health and beauty,SUP-1,41.5,41.5,7
food-and-beverages-71_39,Food and beverages,Food and beverages,SUP-1,71.39,71.39,7
sports-and-travel-19_15,Sports and travel,Sports and travel,SUP-1,19.15,19.15,7
electronic-accessories-57_49,Electronic accessories,Electronic accessories,SUP-1,57.49,57.49,7
electronic-accessories-61_41,Electronic accessories,Electronic accessories,SUP-1,61.41,61.41,7
health-and-beauty-25_90,Health and beauty,Health and beauty,SUP-1,25.9,25.9,7
home-and-lifestyle-17_77,Home and lifestyle,Home and lifestyle,SUP-1,17.77,17.77,7
health-and-beauty-23_03,Health and beauty,Health and beauty,SUP-1,23.03,23.03,7
electronic-accessories-66_65,Electronic accessories,Electronic accessories,SUP-1,66.65,66.65,7
home-and-lifestyle-28_53,Home and lifestyle,Home and lifestyle,SUP-1,28.53,28.53,7
fashion-accessories-30_37,Fashion accessories,Fashion accessories,SUP-1,30.37,30.37,7
electronic-accessories-99_73,Electronic accessories,Electronic accessories,SUP-1,99.73,99.73,7
electronic-accessories-26_23,Electronic accessories,Electronic accessories,SUP-1,26.23,26.23,7
food-and-beverages-93_26,Food and beverages,Food and beverages,SUP-1,93.26,93.26,7
home-and-lifestyle-92_36,Home and lifestyle,Home and lifestyle,SUP-1,92.36,92.36,7
sports-and-travel-46_42,Sports and travel,Sports and travel,SUP-1,46.42,46.42,7
sports-and-travel-29_61,Sports and travel,Sports and travel,SUP-1,29.61,29.61,7
home-and-lifestyle-18_28,Home and lifestyle,Home and lifestyle,SUP-1,18.28,18.28,7
sports-and-travel-24_77,Sports and travel,Sports and travel,SUP-1,24.77,24.77,7
electronic-accessories-94_64,Electronic accessories,Electronic accessories,SUP-1,94.64,94.64,7
fashion-accessories-94_87,Fashion accessories,Fashion accessories,SUP-1,94.87,94.87,7
food-and-beverages-57_34,Food and beverages,Food and beverages,SUP-1,57.34,57.34,7
electronic-accessories-45_35,Electronic accessories,Electronic accessories,SUP-1,45.35,45.35,7
food-and-beverages-62_08,Food and beverages,Food and beverages,SUP-1,62.08,62.08,7
electronic-accessories-11_81,Electronic accessories,Electronic accessories,SUP-1,11.81,11.81,7
fashion-accessories-12_54,Fashion accessories,Fashion accessories,SUP-1,12.54,12.54,7
food-and-beverages-43_25,Food and beverages,Food and beverages,SUP-1,43.25,43.25,7
sports-and-travel-87_16,Sports and travel,Sports and travel,SUP-1,87.16,87.16,7
health-and-beauty-69_37,Health and beauty,Health and beauty,SUP-1,69.37,69.37,7
electronic-accessories-37_06,Electronic accessories,Electronic accessories,SUP-1,37.06,37.06,7
electronic-accessories-90_70,Electronic accessories,Electronic accessories,SUP-1,90.7,90.7,7
home-and-lifestyle-63_42,Home and lifestyle,Home and lifestyle,SUP-1,63.42,63.42,7
fashion-accessories-81_37,Fashion accessories,Fashion accessories,SUP-1,81.37,81.37,7
electronic-accessories-10_59,Electronic accessories,Electronic accessories,SUP-1,10.59,10.59,7
health-and-beauty-84_09,Health and beauty,Health and beauty,SUP-1,84.09,84.09,7
fashion-accessories-73_82,Fashion accessories,Fashion accessories,SUP-1,73.82,73.82,7
health-and-beauty-51_94,Health and beauty,Health and beauty,SUP-1,51.94,51.94,7
sports-and-travel-93_14,Sports and travel,Sports and travel,SUP-1,93.14,93.14,7
health-and-beauty-17_41,Health and beauty,Health and beauty,SUP-1,17.41,17.41,7
fashion-accessories-44_22,Fashion accessories,Fashion accessories,SUP-1,44.22,44.22,7
electronic-accessories-13_22,Electronic accessories,Electronic accessories,SUP-1,13.22,13.22,7
fashion-accessories-89_69,Fashion accessories,Fashion accessories,SUP-1,89.69,89.69,7
food-and-beverages-24_94,Food and beverages,Food and beverages,SUP-1,24.94,24.94,7
health-and-beauty-59_77,Health and beauty,Health and beauty,SUP-1,59.77,59.77,7
fashion-accessories-93_20,Fashion accessories,Fashion accessories,SUP-1,93.2,93.2,7
home-and-lifestyle-62_65,Home and lifestyle,Home and lifestyle,SUP-1,62.65,62.65,7
home-and-lifestyle-93_87,Home and lifestyle,Home and lifestyle,SUP-1,93.87,93.87,7
home-and-lifestyle-47_59,Home and lifestyle,Home and lifestyle,SUP-1,47.59,47.59,7
electronic-accessories-81_40,Electronic accessories,Electronic accessories,SUP-1,81.4,81.4,7
fashion-accessories-17_94,Fashion accessories,Fashion accessories,SUP-1,17.94,17.94,7
electronic-accessories-77_72,Electronic accessories,Electronic accessories,SUP-1,77.72,77.72,7
food-and-beverages-73_06,Food and beverages,Food and beverages,SUP-1,73.06,73.06,7
food-and-beverages-46_55,Food and beverages,Food and beverages,SUP-1,46.55,46.55,7
fashion-accessories-35_19,Fashion accessories,Fashion accessories,SUP-1,35.19,35.19,7
sports-and-travel-14_39,Sports and travel,Sports and travel,SUP-1,14.39,14.39,7
home-and-lifestyle-23_75,Home and lifestyle,Home and lifestyle,SUP-1,23.75,23.75,7
home-and-lifestyle-58_90,Home and lifestyle,Home and lifestyle,SUP-1,58.9,58.9,7
fashion-accessories-32_62,Fashion accessories,Fashion accessories,SUP-1,32.62,32.62,7
electronic-accessories-66_35,Electronic accessories,Electronic accessories,SUP-1,66.35,66.35,7
home-and-lifestyle-25_91,Home and lifestyle,Home and lifestyle,SUP-1,25.91,25.91,7
electronic-accessories-32_25,Electronic accessories,Electronic accessories,SUP-1,32.25,32.25,7
electronic-accessories-65_94,Electronic accessories,Electronic accessories,SUP-1,65.94,65.94,7
electronic-accessories-75_06,Electronic accessories,Electronic accessories,SUP-1,75.06,75.06,7
fashion-accessories-16_45,Fashion accessories,Fashion accessories,SUP-1,16.45,16.45,7
fashion-accessories-38_30,Fashion accessories,Fashion accessories,SUP-1,38.3,38.3,7
sports-and-travel-22_24,Sports and travel,Sports and travel,SUP-1,22.24,22.24,7
sports-and-travel-54_45,Sports and travel,Sports and travel,SUP-1,54.45,54.45,7
sports-and-travel-98_40,Sports and travel,Sports and travel,SUP-1,98.4,98.4,7
home-and-lifestyle-35_47,Home and lifestyle,Home and lifestyle,SUP-1,35.47,35.47,7
food-and-beverages-74_60,Food and beverages,Food and beverages,SUP-1,74.6,74.6,7
home-and-lifestyle-70_74,Home and lifestyle,Home and lifestyle,SUP-1,70.74,70.74,7
home-and-lifestyle-35_54,Home and lifestyle,Home and lifestyle,SUP-1,35.54,35.54,7
sports-and-travel-67_43,Sports and travel,Sports and travel,SUP-1,67.43,67.43,7
health-and-beauty-21_12,Health and beauty,Health and beauty,SUP-1,21.12,21.12,7
home-and-lifestyle-21_54,Home and lifestyle,Home and lifestyle,SUP-1,21.54,21.54,7
home-and-lifestyle-12_03,Home and lifestyle,Home and lifestyle,SUP-1,12.03,12.03,7
health-and-beauty-99_71,Health and beauty,Health and beauty,SUP-1,99.71,99.71,7
fashion-accessories-47_97,Fashion accessories,Fashion accessories,SUP-1,47.97,47.97,7
home-and-lifestyle-21_82,Home and lifestyle,Home and lifestyle,SUP-1,21.82,21.82,7
fashion-accessories-95_42,Fashion accessories,Fashion accessories,SUP-1,95.42,95.42,7
fashion-accessories-70_99,Fashion accessories,Fashion accessories,SUP-1,70.99,70.99,7
sports-and-travel-44_02,Sports and travel,Sports and travel,SUP-1,44.02,44.02,7
home-and-lifestyle-69_96,Home and lifestyle,Home and lifestyle,SUP-1,69.96,69.96,7
home-and-lifestyle-37_00,Home and lifestyle,Home and lifestyle,SUP-1,37,37,7
sports-and-travel-15_34,Sports and travel,Sports and travel,SUP-1,15.34,15.34,7
health-and-beauty-99_83,Health and beauty,Health and beauty,SUP-1,99.83,99.83,7
health-and-beauty-47_67,Health and beauty,Health and beauty,SUP-1,47.67,47.67,7
health-and-beauty-66_68,Health and beauty,Health and beauty,SUP-1,66.68,66.68,7
home-and-lifestyle-74_86,Home and lifestyle,Home and lifestyle,SUP-1,74.86,74.86,7
sports-and-travel-23_75,Sports and travel,Sports and travel,SUP-1,23.75,23.75,7
food-and-beverages-48_51,Food and beverages,Food and beverages,SUP-1,48.51,48.51,7
home-and-lifestyle-94_88,Home and lifestyle,Home and lifestyle,SUP-1,94.88,94.88,7
electronic-accessories-40_30,Electronic accessories,Electronic accessories,SUP-1,40.3,40.3,7
electronic-accessories-27_85,Electronic accessories,Electronic accessories,SUP-1,27.85,27.85,7
electronic-accessories-62_48,Electronic accessories,Electronic accessories,SUP-1,62.48,62.48,7
food-and-beverages-36_36,Food and beverages,Food and beverages,SUP-1,36.36,36.36,7
health-and-beauty-18_11,Health and beauty,Health and beauty,SUP-1,18.11,18.11,7
electronic-accessories-51_92,Electronic accessories,Electronic accessories,SUP-1,51.92,51.92,7
electronic-accessories-28_84,Electronic accessories,Electronic accessories,SUP-1,28.84,28.84,7
home-and-lifestyle-78_38,Home and lifestyle,Home and lifestyle,SUP-1,78.38,78.38,7
home-and-lifestyle-60_01,Home and lifestyle,Home and lifestyle,SUP-1,60.01,60.01,7
home-and-lifestyle-88_61,Home and lifestyle,Home and lifestyle,SUP-1,88.61,88.61,7
fashion-accessories-99_82,Fashion accessories,Fashion accessories,SUP-1,99.82,99.82,7
health-and-beauty-39_01,Health and beauty,Health and beauty,SUP-1,39.01,39.01,7
food-and-beverages-48_61,Food and beverages,Food and beverages,SUP-1,48.61,48.61,7
electronic-accessories-51_19,Electronic accessories,Electronic accessories,SUP-1,51.19,51.19,7
electronic-accessories-14_96,Electronic accessories,Electronic accessories,SUP-1,14.96,14.96,7
electronic-accessories-72_20,Electronic accessories,Electronic accessories,SUP-1,72.2,72.2,7
sports-and-travel-40_23,Sports and travel,Sports and travel,SUP-1,40.23,40.23,7
home-and-lifestyle-88_79,Home and lifestyle,Home and lifestyle,SUP-1,88.79,88.79,7
electronic-accessories-26_48,Electronic accessories,Electronic accessories,SUP-1,26.48,26.48,7
fashion-accessories-81_91,Fashion accessories,Fashion accessories,SUP-1,81.91,81.91,7
sports-and-travel-79_93,Sports and travel,Sports and travel,SUP-1,79.93,79.93,7
fashion-accessories-69_33,Fashion accessories,Fashion accessories,SUP-1,69.33,69.33,7
food-and-beverages-14_23,Food and beverages,Food and beverages,SUP-1,14.23,14.23,7
health-and-beauty-15_55,Health and beauty,Health and beauty,SUP-1,15.55,15.55,7
electronic-accessories-78_13,Electronic accessories,Electronic accessories,SUP-1,78.13,78.13,7
food-and-beverages-99_37,Food and beverages,Food and beverages,SUP-1,99.37,99.37,7
food-and-beverages-21_08,Food and beverages,Food and beverages,SUP-1,21.08,21.08,7
electronic-accessories-74_79,Electronic accessories,Electronic accessories,SUP-1,74.79,74.79,7
health-and-beauty-29_67,Health and beauty,Health and beauty,SUP-1,29.67,29.67,7
health-and-beauty-44_07,Health and beauty,Health and beauty,SUP-1,44.07,44.07,7
food-and-beverages-22_93,Food and beverages,Food and beverages,SUP-1,22.93,22.93,7
health-and-beauty-39_42,Health and beauty,Health and beauty,SUP-1,39.42,39.42,7
health-and-beauty-15_26,Health and beauty,Health and beauty,SUP-1,15.26,15.26,7
fashion-accessories-61_77,Fashion accessories,Fashion accessories,SUP-1,61.77,61.77,7
home-and-lifestyle-21_52,Home and lifestyle,Home and lifestyle,SUP-1,21.52,21.52,7
sports-and-travel-97_74,Sports and travel,Sports and travel,SUP-1,97.74,97.74,7
food-and-beverages-99_78,Food and beverages,Food and beverages,SUP-1,99.78,99.78,7
food-and-beverages-94_26,Food and beverages,Food and beverages,SUP-1,94.26,94.26,7
health-and-beauty-51_13,Health and beauty,Health and beauty,SUP-1,51.13,51.13,7
electronic-accessories-36_36,Electronic accessories,Electronic accessories,SUP-1,36.36,36.36,7
home-and-lifestyle-22_02,Home and lifestyle,Home and lifestyle,SUP-1,22.02,22.02,7
food-and-beverages-32_90,Food and beverages,Food and beverages,SUP-1,32.9,32.9,7
fashion-accessories-77_02,Fashion accessories,Fashion accessories,SUP-1,77.02,77.02,7
food-and-beverages-23_48,Food and beverages,Food and beverages,SUP-1,23.48,23.48,7
sports-and-travel-14_70,Sports and travel,Sports and travel,SUP-1,14.7,14.7,7
electronic-accessories-28_45,Electronic accessories,Electronic accessories,SUP-1,28.45,28.45,7
fashion-accessories-76_40,Fashion accessories,Fashion accessories,SUP-1,76.4,76.4,7
sports-and-travel-57_95,Sports and travel,Sports and travel,SUP-1,57.95,57.95,7
electronic-accessories-47_65,Electronic accessories,Electronic accessories,SUP-1,47.65,47.65,7
food-and-beverages-42_82,Food and beverages,Food and beverages,SUP-1,42.82,42.82,7
electronic-accessories-48_09,Electronic accessories,Electronic accessories,SUP-1,48.09,48.09,7
health-and-beauty-55_97,Health and beauty,Health and beauty,SUP-1,55.97,55.97,7
health-and-beauty-76_90,Health and beauty,Health and beauty,SUP-1,76.9,76.9,7
food-and-beverages-97_03,Food and beverages,Food and beverages,SUP-1,97.03,97.03,7
sports-and-travel-44_65,Sports and travel,Sports and travel,SUP-1,44.65,44.65,7
fashion-accessories-77_93,Fashion accessories,Fashion accessories,SUP-1,77.93,77.93,7
electronic-accessories-71_95,Electronic accessories,Electronic accessories,SUP-1,71.95,71.95,7
home-and-lifestyle-89_25,Home and lifestyle,Home and lifestyle,SUP-1,89.25,89.25,7
electronic-accessories-26_02,Electronic accessories,Electronic accessories,SUP-1,26.02,26.02,7
health-and-beauty-13_50,Health and beauty,Health and beauty,SUP-1,13.5,13.5,7
fashion-accessories-99_30,Fashion accessories,Fashion accessories,SUP-1,99.3,99.3,7
electronic-accessories-51_69,Electronic accessories,Electronic accessories,SUP-1,51.69,51.69,7
fashion-accessories-54_73,Fashion accessories,Fashion accessories,SUP-1,54.73,54.73,7
home-and-lifestyle-27_00,Home and lifestyle,Home and lifestyle,SUP-1,27,27,7
electronic-accessories-30_24,Electronic accessories,Electronic accessories,SUP-1,30.24,30.24,7
food-and-beverages-89_14,Food and beverages,Food and beverages,SUP-1,89.14,89.14,7
fashion-accessories-37_55,Fashion accessories,Fashion accessories,SUP-1,37.55,37.55,7
sports-and-travel-95_44,Sports and travel,Sports and travel,SUP-1,95.44,95.44,7
electronic-accessories-27_50,Electronic accessories,Electronic accessories,SUP-1,27.5,27.5,7
sports-and-travel-74_97,Sports and travel,Sports and travel,SUP-1,74.97,74.97,7
food-and-beverages-80_96,Food and beverages,Food and beverages,SUP-1,80.96,80.96,7
food-and-beverages-94_47,Food and beverages,Food and beverages,SUP-1,94.47,94.47,7
food-and-beverages-99_79,Food and beverages,Food and beverages,SUP-1,99.79,99.79,7
home-and-lifestyle-73_22,Home and lifestyle,Home and lifestyle,SUP-1,73.22,73.22,7
food-and-beverages-41_24,Food and beverages,Food and beverages,SUP-1,41.24,41.24,7
fashion-accessories-81_68,Fashion accessories,Fashion accessories,SUP-1,81.68,81.68,7
electronic-accessories-51_32,Electronic accessories,Electronic accessories,SUP-1,51.32,51.32,7
home-and-lifestyle-65_94,Home and lifestyle,Home and lifestyle,SUP-1,65.94,65.94,7
sports-and-travel-14_36,Sports and travel,Sports and travel,SUP-1,14.36,14.36,7
electronic-accessories-21_50,Electronic accessories,Electronic accessories,SUP-1,21.5,21.5,7
electronic-accessories-26_26,Electronic accessories,Electronic accessories,SUP-1,26.26,26.26,7
fashion-accessories-60_96,Fashion accessories,Fashion accessories,SUP-1,60.96,60.96,7
home-and-lifestyle-70_11,Home and lifestyle,Home and lifestyle,SUP-1,70.11,70.11,7
fashion-accessories-42_08,Fashion accessories,Fashion accessories,SUP-1,42.08,42.08,7
home-and-lifestyle-67_09,Home and lifestyle,Home and lifestyle,SUP-1,67.09,67.09,7
fashion-accessories-96_70,Fashion accessories,Fashion accessories,SUP-1,96.7,96.7,7
home-and-lifestyle-35_38,Home and lifestyle,Home and lifestyle,SUP-1,35.38,35.38,7
sports-and-travel-95_49,Sports and travel,Sports and travel,SUP-1,95.49,95.49,7
fashion-accessories-96_98,Fashion accessories,Fashion accessories,SUP-1,96.98,96.98,7
electronic-accessories-23_65,Electronic accessories,Electronic accessories,SUP-1,23.65,23.65,7
sports-and-travel-82_33,Sports and travel,Sports and travel,SUP-1,82.33,82.33,7
electronic-accessories-26_61,Electronic accessories,Electronic accessories,SUP-1,26.61,26.61,7
food-and-beverages-99_69,Food and beverages,Food and beverages,SUP-1,99.69,99.69,7
food-and-beverages-74_89,Food and beverages,Food and beverages,SUP-1,74.89,74.89,7
food-and-beverages-40_94,Food and beverages,Food and beverages,SUP-1,40.94,40.94,7
sports-and-travel-75_82,Sports and travel,Sports and travel,SUP-1,75.82,75.82,7
food-and-beverages-46_77,Food and beverages,Food and beverages,SUP-1,46.77,46.77,7
health-and-beauty-32_32,Health and beauty,Health and beauty,SUP-1,32.32,32.32,7
fashion-accessories-54_07,Fashion accessories,Fashion accessories,SUP-1,54.07,54.07,7
food-and-beverages-18_22,Food and beverages,Food and beverages,SUP-1,18.22,18.22,7
fashion-accessories-80_48,Fashion accessories,Fashion accessories,SUP-1,80.48,80.48,7
fashion-accessories-37_95,Fashion accessories,Fashion accessories,SUP-1,37.95,37.95,7
electronic-accessories-76_82,Electronic accessories,Electronic accessories,SUP-1,76.82,76.82,7
sports-and-travel-52_26,Sports and travel,Sports and travel,SUP-1,52.26,52.26,7
health-and-beauty-79_74,Health and beauty,Health and beauty,SUP-1,79.74,79.74,7
health-and-beauty-77_50,Health and beauty,Health and beauty,SUP-1,77.5,77.5,7
food-and-beverages-54_27,Food and beverages,Food and beverages,SUP-1,54.27,54.27,7
home-and-lifestyle-13_59,Home and lifestyle,Home and lifestyle,SUP-1,13.59,13.59,7
health-and-beauty-41_06,Health and beauty,Health and beauty,SUP-1,41.06,41.06,7
electronic-accessories-19_24,Electronic accessories,Electronic accessories,SUP-1,19.24,19.24,7
food-and-beverages-39_43,Food and beverages,Food and beverages,SUP-1,39.43,39.43,7
home-and-lifestyle-46_22,Home and lifestyle,Home and lifestyle,SUP-1,46.22,46.22,7
home-and-lifestyle-13_98,Home and lifestyle,Home and lifestyle,SUP-1,13.98,13.98,7
fashion-accessories-39_75,Fashion accessories,Fashion accessories,SUP-1,39.75,39.75,7
fashion-accessories-97_79,Fashion accessories,Fashion accessories,SUP-1,97.79,97.79,7
sports-and-travel-67_26,Sports and travel,Sports and travel,SUP-1,67.26,67.26,7
food-and-beverages-13_79,Food and beverages,Food and beverages,SUP-1,13.79,13.79,7
fashion-accessories-68_71,Fashion accessories,Fashion accessories,SUP-1,68.71,68.71,7
home-and-lifestyle-56_53,Home and lifestyle,Home and lifestyle,SUP-1,56.53,56.53,7
fashion-accessories-23_82,Fashion accessories,Fashion accessories,SUP-1,23.82,23.82,7
health-and-beauty-34_21,Health and beauty,Health and beauty,SUP-1,34.21,34.21,7
sports-and-travel-21_87,Sports and travel,Sports and travel,SUP-1,21.87,21.87,7
health-and-beauty-20_97,Health and beauty,Health and beauty,SUP-1,20.97,20.97,7
sports-and-travel-25_84,Sports and travel,Sports and travel,SUP-1,25.84,25.84,7
home-and-lifestyle-50_93,Home and lifestyle,Home and lifestyle,SUP-1,50.93,50.93,7
health-and-beauty-96_11,Health and beauty,Health and beauty,SUP-1,96.11,96.11,7
home-and-lifestyle-45_38,Home and lifestyle,Home and lifestyle,SUP-1,45.38,45.38,7
health-and-beauty-81_51,Health and beauty,Health and beauty,SUP-1,81.51,81.51,7
health-and-beauty-57_22,Health and beauty,Health and beauty,SUP-1,57.22,57.22,7
electronic-accessories-25_22,Electronic accessories,Electronic accessories,SUP-1,25.22,25.22,7
food-and-beverages-38_60,Food and beverages,Food and beverages,SUP-1,38.6,38.6,7
electronic-accessories-84_05,Electronic accessories,Electronic accessories,SUP-1,84.05,84.05,7
fashion-accessories-97_21,Fashion accessories,Fashion accessories,SUP-1,97.21,97.21,7
fashion-accessories-25_42,Fashion accessories,Fashion accessories,SUP-1,25.42,25.42,7
fashion-accessories-16_28,Fashion accessories,Fashion accessories,SUP-1,16.28,16.28,7
fashion-accessories-40_61,Fashion accessories,Fashion accessories,SUP-1,40.61,40.61,7
health-and-beauty-53_17,Health and beauty,Health and beauty,SUP-1,53.17,53.17,7
food-and-beverages-20_87,Food and beverages,Food and beverages,SUP-1,20.87,20.87,7
sports-and-travel-67_27,Sports and travel,Sports and travel,SUP-1,67.27,67.27,7
home-and-lifestyle-90_65,Home and lifestyle,Home and lifestyle,SUP-1,90.65,90.65,7
fashion-accessories-69_08,Fashion accessories,Fashion accessories,SUP-1,69.08,69.08,7
food-and-beverages-43_27,Food and beverages,Food and beverages,SUP-1,43.27,43.27,7
electronic-accessories-23_46,Electronic accessories,Electronic accessories,SUP-1,23.46,23.46,7
fashion-accessories-95_54,Fashion accessories,Fashion accessories,SUP-1,95.54,95.54,7
fashion-accessories-47_44,Fashion accessories,Fashion accessories,SUP-1,47.44,47.44,7
sports-and-travel-99_24,Sports and travel,Sports and travel,SUP-1,99.24,99.24,7
sports-and-travel-82_93,Sports and travel,Sports and travel,SUP-1,82.93,82.93,7
home-and-lifestyle-33_99,Home and lifestyle,Home and lifestyle,SUP-1,33.99,33.99,7
food-and-beverages-17_04,Food and beverages,Food and beverages,SUP-1,17.04,17.04,7
electronic-accessories-40_86,Electronic accessories,Electronic accessories,SUP-1,40.86,40.86,7
food-and-beverages-17_44,Food and beverages,Food and beverages,SUP-1,17.44,17.44,7
sports-and-travel-88_43,Sports and travel,Sports and travel,SUP-1,88.43,88.43,7
home-and-lifestyle-89_21,Home and lifestyle,Home and lifestyle,SUP-1,89.21,89.21,7
fashion-accessories-12_78,Fashion accessories,Fashion accessories,SUP-1,12.78,12.78,7
sports-and-travel-19_10,Sports and travel,Sports and travel,SUP-1,19.1,19.1,7
health-and-beauty-19_15,Health and beauty,Health and beauty,SUP-1,19.15,19.15,7
food-and-beverages-27_66,Food and beverages,Food and beverages,SUP-1,27.66,27.66,7
fashion-accessories-45_74,Fashion accessories,Fashion accessories,SUP-1,45.74,45.74,7
health-and-beauty-27_07,Health and beauty,Health and beauty,SUP-1,27.07,27.07,7
sports-and-travel-39_12,Sports and travel,Sports and travel,SUP-1,39.12,39.12,7
electronic-accessories-74_71,Electronic accessories,Electronic accessories,SUP-1,74.71,74.71,7
electronic-accessories-22_01,Electronic accessories,Electronic accessories,SUP-1,22.01,22.01,7
food-and-beverages-63_61,Food and beverages,Food and beverages,SUP-1,63.61,63.61,7
health-and-beauty-25_00,Health and beauty,Health and beauty,SUP-1,25,25,7
electronic-accessories-20_77,Electronic accessories,Electronic accessories,SUP-1,20.77,20.77,7
fashion-accessories-29_56,Fashion accessories,Fashion accessories,SUP-1,29.56,29.56,7
food-and-beverages-77_40,Food and beverages,Food and beverages,SUP-1,77.4,77.4,7
electronic-accessories-79_39,Electronic accessories,Electronic accessories,SUP-1,79.39,79.39,7
electronic-accessories-46_57,Electronic accessories,Electronic accessories,SUP-1,46.57,46.57,7
food-and-beverages-35_89,Food and beverages,Food and beverages,SUP-1,35.89,35.89,7
food-and-beverages-40_52,Food and beverages,Food and beverages,SUP-1,40.52,40.52,7
food-and-beverages-73_05,Food and beverages,Food and beverages,SUP-1,73.05,73.05,7
sports-and-travel-73_95,Sports and travel,Sports and travel,SUP-1,73.95,73.95,7
food-and-beverages-22_62,Food and beverages,Food and beverages,SUP-1,22.62,22.62,7
food-and-beverages-51_34,Food and beverages,Food and beverages,SUP-1,51.34,51.34,7
sports-and-travel-54_55,Sports and travel,Sports and travel,SUP-1,54.55,54.55,7
health-and-beauty-37_15,Health and beauty,Health and beauty,SUP-1,37.15,37.15,7
sports-and-travel-37_02,Sports and travel,Sports and travel,SUP-1,37.02,37.02,7
food-and-beverages-21_58,Food and beverages,Food and beverages,SUP-1,21.58,21.58,7
electronic-accessories-98_84,Electronic accessories,Electronic accessories,SUP-1,98.84,98.84,7
home-and-lifestyle-83_77,Home and lifestyle,Home and lifestyle,SUP-1,83.77,83.77,7
sports-and-travel-40_05,Sports and travel,Sports and travel,SUP-1,40.05,40.05,7
fashion-accessories-43_13,Fashion accessories,Fashion accessories,SUP-1,43.13,43.13,7
health-and-beauty-72_57,Health and beauty,Health and beauty,SUP-1,72.57,72.57,7
electronic-accessories-64_44,Electronic accessories,Electronic accessories,SUP-1,64.44,64.44,7
health-and-beauty-65_18,Health and beauty,Health and beauty,SUP-1,65.18,65.18,7
sports-and-travel-33_26,Sports and travel,Sports and travel,SUP-1,33.26,33.26,7
electronic-accessories-84_07,Electronic accessories,Electronic accessories,SUP-1,84.07,84.07,7
sports-and-travel-34_37,Sports and travel,Sports and travel,SUP-1,34.37,34.37,7
electronic-accessories-38_60,Electronic accessories,Electronic accessories,SUP-1,38.6,38.6,7
food-and-beverages-65_97,Food and beverages,Food and beverages,SUP-1,65.97,65.97,7
electronic-accessories-32_80,Electronic accessories,Electronic accessories,SUP-1,32.8,32.8,7
sports-and-travel-37_14,Sports and travel,Sports and travel,SUP-1,37.14,37.14,7
home-and-lifestyle-60_38,Home and lifestyle,Home and lifestyle,SUP-1,60.38,60.38,7
sports-and-travel-36_98,Sports and travel,Sports and travel,SUP-1,36.98,36.98,7
sports-and-travel-49_49,Sports and travel,Sports and travel,SUP-1,49.49,49.49,7
fashion-accessories-41_09,Fashion accessories,Fashion accessories,SUP-1,41.09,41.09,7
fashion-accessories-37_15,Fashion accessories,Fashion accessories,SUP-1,37.15,37.15,7
home-and-lifestyle-22_96,Home and lifestyle,Home and lifestyle,SUP-1,22.96,22.96,7
home-and-lifestyle-77_68,Home and lifestyle,Home and lifestyle,SUP-1,77.68,77.68,7
fashion-accessories-34_70,Fashion accessories,Fashion accessories,SUP-1,34.7,34.7,7
fashion-accessories-19_66,Fashion accessories,Fashion accessories,SUP-1,19.66,19.66,7
health-and-beauty-25_32,Health and beauty,Health and beauty,SUP-1,25.32,25.32,7
home-and-lifestyle-12_12,Home and lifestyle,Home and lifestyle,SUP-1,12.12,12.12,7
fashion-accessories-99_89,Fashion accessories,Fashion accessories,SUP-1,99.89,99.89,7
sports-and-travel-75_92,Sports and travel,Sports and travel,SUP-1,75.92,75.92,7
electronic-accessories-63_22,Electronic accessories,Electronic accessories,SUP-1,63.22,63.22,7
food-and-beverages-90_24,Food and beverages,Food and beverages,SUP-1,90.24,90.24,7
sports-and-travel-98_13,Sports and travel,Sports and travel,SUP-1,98.13,98.13,7
sports-and-travel-51_52,Sports and travel,Sports and travel,SUP-1,51.52,51.52,7
sports-and-travel-73_97,Sports and travel,Sports and travel,SUP-1,73.97,73.97,7
fashion-accessories-31_90,Fashion accessories,Fashion accessories,SUP-1,31.9,31.9,7
home-and-lifestyle-69_40,Home and lifestyle,Home and lifestyle,SUP-1,69.4,69.4,7
sports-and-travel-93_31,Sports and travel,Sports and travel,SUP-1,93.31,93.31,7
sports-and-travel-88_45,Sports and travel,Sports and travel,SUP-1,88.45,88.45,7
electronic-accessories-24_18,Electronic accessories,Electronic accessories,SUP-1,24.18,24.18,7
sports-and-travel-48_50,Sports and travel,Sports and travel,SUP-1,48.5,48.5,7
food-and-beverages-84_05,Food and beverages,Food and beverages,SUP-1,84.05,84.05,7
health-and-beauty-61_29,Health and beauty,Health and beauty,SUP-1,61.29,61.29,7
home-and-lifestyle-15_95,Home and lifestyle,Home and lifestyle,SUP-1,15.95,15.95,7
sports-and-travel-90_74,Sports and travel,Sports and travel,SUP-1,90.74,90.74,7
home-and-lifestyle-42_91,Home and lifestyle,Home and lifestyle,SUP-1,42.91,42.91,7
fashion-accessories-54_28,Fashion accessories,Fashion accessories,SUP-1,54.28,54.28,7
electronic-accessories-99_55,Electronic accessories,Electronic accessories,SUP-1,99.55,99.55,7
sports-and-travel-58_39,Sports and travel,Sports and travel,SUP-1,58.39,58.39,7
fashion-accessories-51_47,Fashion accessories,Fashion accessories,SUP-1,51.47,51.47,7
health-and-beauty-54_86,Health and beauty,Health and beauty,SUP-1,54.86,54.86,7
home-and-lifestyle-39_39,Home and lifestyle,Home and lifestyle,SUP-1,39.39,39.39,7
home-and-lifestyle-34_73,Home and lifestyle,Home and lifestyle,SUP-1,34.73,34.73,7
sports-and-travel-71_92,Sports and travel,Sports and travel,SUP-1,71.92,71.92,7
electronic-accessories-45_71,Electronic accessories,Electronic accessories,SUP-1,45.71,45.71,7
home-and-lifestyle-83_17,Home and lifestyle,Home and lifestyle,SUP-1,83.17,83.17,7
home-and-lifestyle-37_44,Home and lifestyle,Home and lifestyle,SUP-1,37.44,37.44,7
health-and-beauty-62_87,Health and beauty,Health and beauty,SUP-1,62.87,62.87,7
food-and-beverages-81_71,Food and beverages,Food and beverages,SUP-1,81.71,81.71,7
sports-and-travel-91_41,Sports and travel,Sports and travel,SUP-1,91.41,91.41,7
fashion-accessories-39_21,Fashion accessories,Fashion accessories,SUP-1,39.21,39.21,7
fashion-accessories-59_86,Fashion accessories,Fashion accessories,SUP-1,59.86,59.86,7
food-and-beverages-54_36,Food and beverages,Food and beverages,SUP-1,54.36,54.36,7
sports-and-travel-98_09,Sports and travel,Sports and travel,SUP-1,98.09,98.09,7
health-and-beauty-25_43,Health and beauty,Health and beauty,SUP-1,25.43,25.43,7
fashion-accessories-86_68,Fashion accessories,Fashion accessories,SUP-1,86.68,86.68,7
electronic-accessories-22_95,Electronic accessories,Electronic accessories,SUP-1,22.95,22.95,7
food-and-beverages-16_31,Food and beverages,Food and beverages,SUP-1,16.31,16.31,7
home-and-lifestyle-28_32,Home and lifestyle,Home and lifestyle,SUP-1,28.32,28.32,7
home-and-lifestyle-16_67,Home and lifestyle,Home and lifestyle,SUP-1,16.67,16.67,7
fashion-accessories-73_96,Fashion accessories,Fashion accessories,SUP-1,73.96,73.96,7
home-and-lifestyle-97_94,Home and lifestyle,Home and lifestyle,SUP-1,97.94,97.94,7
fashion-accessories-73_05,Fashion accessories,Fashion accessories,SUP-1,73.05,73.05,7
food-and-beverages-87_48,Food and beverages,Food and beverages,SUP-1,87.48,87.48,7
home-and-lifestyle-30_68,Home and lifestyle,Home and lifestyle,SUP-1,30.68,30.68,7
health-and-beauty-75_88,Health and beauty,Health and beauty,SUP-1,75.88,75.88,7
sports-and-travel-20_18,Sports and travel,Sports and travel,SUP-1,20.18,20.18,7
electronic-accessories-18_77,Electronic accessories,Electronic accessories,SUP-1,18.77,18.77,7
food-and-beverages-71_20,Food and beverages,Food and beverages,SUP-1,71.2,71.2,7
home-and-lifestyle-38_81,Home and lifestyle,Home and lifestyle,SUP-1,38.81,38.81,7
fashion-accessories-29_42,Fashion accessories,Fashion accessories,SUP-1,29.42,29.42,7
sports-and-travel-60_95,Sports and travel,Sports and travel,SUP-1,60.95,60.95,7
sports-and-travel-51_54,Sports and travel,Sports and travel,SUP-1,51.54,51.54,7
electronic-accessories-66_06,Electronic accessories,Electronic accessories,SUP-1,66.06,66.06,7
fashion-accessories-57_27,Fashion accessories,Fashion accessories,SUP-1,57.27,57.27,7
fashion-accessories-54_31,Fashion accessories,Fashion accessories,SUP-1,54.31,54.31,7
health-and-beauty-58_24,Health and beauty,Health and beauty,SUP-1,58.24,58.24,7
electronic-accessories-22_21,Electronic accessories,Electronic accessories,SUP-1,22.21,22.21,7
electronic-accessories-19_32,Electronic accessories,Electronic accessories,SUP-1,19.32,19.32,7
home-and-lifestyle-37_48,Home and lifestyle,Home and lifestyle,SUP-1,37.48,37.48,7
fashion-accessories-72_04,Fashion accessories,Fashion accessories,SUP-1,72.04,72.04,7
food-and-beverages-98_52,Food and beverages,Food and beverages,SUP-1,98.52,98.52,7
food-and-beverages-41_66,Food and beverages,Food and beverages,SUP-1,41.66,41.66,7
home-and-lifestyle-72_42,Home and lifestyle,Home and lifestyle,SUP-1,72.42,72.42,7
electronic-accessories-21_58,Electronic accessories,Electronic accessories,SUP-1,21.58,21.58,7
food-and-beverages-89_20,Food and beverages,Food and beverages,SUP-1,89.2,89.2,7
electronic-accessories-42_42,Electronic accessories,Electronic accessories,SUP-1,42.42,42.42,7
electronic-accessories-74_51,Electronic accessories,Electronic accessories,SUP-1,74.51,74.51,7
fashion-accessories-99_25,Fashion accessories,Fashion accessories,SUP-1,99.25,99.25,7
food-and-beverages-81_21,Food and beverages,Food and beverages,SUP-1,81.21,81.21,7
sports-and-travel-49_33,Sports and travel,Sports and travel,SUP-1,49.33,49.33,7
fashion-accessories-65_74,Fashion accessories,Fashion accessories,SUP-1,65.74,65.74,7
fashion-accessories-79_86,Fashion accessories,Fashion accessories,SUP-1,79.86,79.86,7
sports-and-travel-73_98,Sports and travel,Sports and travel,SUP-1,73.98,73.98,7
home-and-lifestyle-82_04,Home and lifestyle,Home and lifestyle,SUP-1,82.04,82.04,7
sports-and-travel-26_67,Sports and travel,Sports and travel,SUP-1,26.67,26.67,7
food-and-beverages-10_13,Food and beverages,Food and beverages,SUP-1,10.13,10.13,7
food-and-beverages-72_39,Food and beverages,Food and beverages,SUP-1,72.39,72.39,7
sports-and-travel-85_91,Sports and travel,Sports and travel,SUP-1,85.91,85.91,7
fashion-accessories-81_31,Fashion accessories,Fashion accessories,SUP-1,81.31,81.31,7
food-and-beverages-60_30,Food and beverages,Food and beverages,SUP-1,60.3,60.3,7
food-and-beverages-31_77,Food and beverages,Food and beverages,SUP-1,31.77,31.77,7
health-and-beauty-64_27,Health and beauty,Health and beauty,SUP-1,64.27,64.27,7
health-and-beauty-69_51,Health and beauty,Health and beauty,SUP-1,69.51,69.51,7
food-and-beverages-27_22,Food and beverages,Food and beverages,SUP-1,27.22,27.22,7
health-and-beauty-77_68,Health and beauty,Health and beauty,SUP-1,77.68,77.68,7
fashion-accessories-92_98,Fashion accessories,Fashion accessories,SUP-1,92.98,92.98,7
fashion-accessories-18_08,Fashion accessories,Fashion accessories,SUP-1,18.08,18.08,7
sports-and-travel-63_06,Sports and travel,Sports and travel,SUP-1,63.06,63.06,7
health-and-beauty-51_71,Health and beauty,Health and beauty,SUP-1,51.71,51.71,7
food-and-beverages-52_34,Food and beverages,Food and beverages,SUP-1,52.34,52.34,7
sports-and-travel-43_06,Sports and travel,Sports and travel,SUP-1,43.06,43.06,7
fashion-accessories-59_61,Fashion accessories,Fashion accessories,SUP-1,59.61,59.61,7
health-and-beauty-14_62,Health and beauty,Health and beauty,SUP-1,14.62,14.62,7
health-and-beauty-46_53,Health and beauty,Health and beauty,SUP-1,46.53,46.53,7
home-and-lifestyle-24_24,Home and lifestyle,Home and lifestyle,SUP-1,24.24,24.24,7
sports-and-travel-45_58,Sports and travel,Sports and travel,SUP-1,45.58,45.58,7
sports-and-travel-75_20,Sports and travel,Sports and travel,SUP-1,75.2,75.2,7
sports-and-travel-96_80,Sports and travel,Sports and travel,SUP-1,96.8,96.8,7
health-and-beauty-14_82,Health and beauty,Health and beauty,SUP-1,14.82,14.82,7
food-and-beverages-52_20,Food and beverages,Food and beverages,SUP-1,52.2,52.2,7
sports-and-travel-46_66,Sports and travel,Sports and travel,SUP-1,46.66,46.66,7
fashion-accessories-36_85,Fashion accessories,Fashion accessories,SUP-1,36.85,36.85,7
home-and-lifestyle-70_32,Home and lifestyle,Home and lifestyle,SUP-1,70.32,70.32,7
electronic-accessories-83_08,Electronic accessories,Electronic accessories,SUP-1,83.08,83.08,7
fashion-accessories-64_99,Fashion accessories,Fashion accessories,SUP-1,64.99,64.99,7
food-and-beverages-77_56,Food and beverages,Food and beverages,SUP-1,77.56,77.56,7
sports-and-travel-54_51,Sports and travel,Sports and travel,SUP-1,54.51,54.51,7
fashion-accessories-51_89,Fashion accessories,Fashion accessories,SUP-1,51.89,51.89,7
home-and-lifestyle-31_75,Home and lifestyle,Home and lifestyle,SUP-1,31.75,31.75,7
fashion-accessories-53_65,Fashion accessories,Fashion accessories,SUP-1,53.65,53.65,7
food-and-beverages-49_79,Food and beverages,Food and beverages,SUP-1,49.79,49.79,7
fashion-accessories-30_61,Fashion accessories,Fashion accessories,SUP-1,30.61,30.61,7
food-and-beverages-57_89,Food and beverages,Food and beverages,SUP-1,57.89,57.89,7
electronic-accessories-28_96,Electronic accessories,Electronic accessories,SUP-1,28.96,28.96,7
food-and-beverages-98_97,Food and beverages,Food and beverages,SUP-1,98.97,98.97,7
fashion-accessories-93_22,Fashion accessories,Fashion accessories,SUP-1,93.22,93.22,7
sports-and-travel-80_93,Sports and travel,Sports and travel,SUP-1,80.93,80.93,7
food-and-beverages-67_45,Food and beverages,Food and beverages,SUP-1,67.45,67.45,7
sports-and-travel-38_72,Sports and travel,Sports and travel,SUP-1,38.72,38.72,7
sports-and-travel-72_60,Sports and travel,Sports and travel,SUP-1,72.6,72.6,7
electronic-accessories-87_91,Electronic accessories,Electronic accessories,SUP-1,87.91,87.91,7
food-and-beverages-98_53,Food and beverages,Food and beverages,SUP-1,98.53,98.53,7
fashion-accessories-43_46,Fashion accessories,Fashion accessories,SUP-1,43.46,43.46,7
food-and-beverages-71_68,Food and beverages,Food and beverages,SUP-1,71.68,71.68,7
food-and-beverages-91_61,Food and beverages,Food and beverages,SUP-1,91.61,91.61,7
home-and-lifestyle-94_59,Home and lifestyle,Home and lifestyle,SUP-1,94.59,94.59,7
fashion-accessories-83_25,Fashion accessories,Fashion accessories,SUP-1,83.25,83.25,7
fashion-accessories-91_35,Fashion accessories,Fashion accessories,SUP-1,91.35,91.35,7
food-and-beverages-78_88,Food and beverages,Food and beverages,SUP-1,78.88,78.88,7
sports-and-travel-60_87,Sports and travel,Sports and travel,SUP-1,60.87,60.87,7
health-and-beauty-82_58,Health and beauty,Health and beauty,SUP-1,82.58,82.58,7
home-and-lifestyle-53_30,Home and lifestyle,Home and lifestyle,SUP-1,53.3,53.3,7
fashion-accessories-12_09,Fashion accessories,Fashion accessories,SUP-1,12.09,12.09,7
sports-and-travel-64_19,Sports and travel,Sports and travel,SUP-1,64.19,64.19,7
electronic-accessories-78_31,Electronic accessories,Electronic accessories,SUP-1,78.31,78.31,7
food-and-beverages-83_77,Food and beverages,Food and beverages,SUP-1,83.77,83.77,7
home-and-lifestyle-99_70,Home and lifestyle,Home and lifestyle,SUP-1,99.7,99.7,7
food-and-beverages-79_91,Food and beverages,Food and beverages,SUP-1,79.91,79.91,7
health-and-beauty-66_47,Health and beauty,Health and beauty,SUP-1,66.47,66.47,7
health-and-beauty-28_95,Health and beauty,Health and beauty,SUP-1,28.95,28.95,7
electronic-accessories-46_20,Electronic accessories,Electronic accessories,SUP-1,46.2,46.2,7
food-and-beverages-17_63,Food and beverages,Food and beverages,SUP-1,17.63,17.63,7
fashion-accessories-52_42,Fashion accessories,Fashion accessories,SUP-1,52.42,52.42,7
food-and-beverages-98_79,Food and beverages,Food and beverages,SUP-1,98.79,98.79,7
electronic-accessories-88_55,Electronic accessories,Electronic accessories,SUP-1,88.55,88.55,7
electronic-accessories-55_67,Electronic accessories,Electronic accessories,SUP-1,55.67,55.67,7
food-and-beverages-72_52,Food and beverages,Food and beverages,SUP-1,72.52,72.52,7
electronic-accessories-12_05,Electronic accessories,Electronic accessories,SUP-1,12.05,12.05,7
home-and-lifestyle-19_36,Home and lifestyle,Home and lifestyle,SUP-1,19.36,19.36,7
health-and-beauty-70_21,Health and beauty,Health and beauty,SUP-1,70.21,70.21,7
fashion-accessories-33_63,Fashion accessories,Fashion accessories,SUP-1,33.63,33.63,7
sports-and-travel-15_49,Sports and travel,Sports and travel,SUP-1,15.49,15.49,7
electronic-accessories-24_74,Electronic accessories,Electronic accessories,SUP-1,24.74,24.74,7
electronic-accessories-75_66,Electronic accessories,Electronic accessories,SUP-1,75.66,75.66,7
health-and-beauty-55_81,Health and beauty,Health and beauty,SUP-1,55.81,55.81,7
home-and-lifestyle-72_78,Home and lifestyle,Home and lifestyle,SUP-1,72.78,72.78,7
sports-and-travel-37_32,Sports and travel,Sports and travel,SUP-1,37.32,37.32,7
fashion-accessories-60_18,Fashion accessories,Fashion accessories,SUP-1,60.18,60.18,7
electronic-accessories-15_69,Electronic accessories,Electronic accessories,SUP-1,15.69,15.69,7
electronic-accessories-99_69,Electronic accessories,Electronic accessories,SUP-1,99.69,99.69,7
fashion-accessories-88_15,Fashion accessories,Fashion accessories,SUP-1,88.15,88.15,7
sports-and-travel-27_93,Sports and travel,Sports and travel,SUP-1,27.93,27.93,7
fashion-accessories-55_45,Fashion accessories,Fashion accessories,SUP-1,55.45,55.45,7
sports-and-travel-42_97,Sports and travel,Sports and travel,SUP-1,42.97,42.97,7
sports-and-travel-17_14,Sports and travel,Sports and travel,SUP-1,17.14,17.14,7
fashion-accessories-58_75,Fashion accessories,Fashion accessories,SUP-1,58.75,58.75,7
food-and-beverages-87_10,Food and beverages,Food and beverages,SUP-1,87.1,87.1,7
sports-and-travel-98_80,Sports and travel,Sports and travel,SUP-1,98.8,98.8,7
fashion-accessories-48_63,Fashion accessories,Fashion accessories,SUP-1,48.63,48.63,7
food-and-beverages-57_74,Food and beverages,Food and beverages,SUP-1,57.74,57.74,7
health-and-beauty-17_97,Health and beauty,Health and beauty,SUP-1,17.97,17.97,7
health-and-beauty-47_71,Health and beauty,Health and beauty,SUP-1,47.71,47.71,7
sports-and-travel-40_62,Sports and travel,Sports and travel,SUP-1,40.62,40.62,7
fashion-accessories-56_04,Fashion accessories,Fashion accessories,SUP-1,56.04,56.04,7
food-and-beverages-93_40,Food and beverages,Food and beverages,SUP-1,93.4,93.4,7
health-and-beauty-73_41,Health and beauty,Health and beauty,SUP-1,73.41,73.41,7
health-and-beauty-33_64,Health and beauty,Health and beauty,SUP-1,33.64,33.64,7
electronic-accessories-45_48,Electronic accessories,Electronic accessories,SUP-1,45.48,45.48,7
fashion-accessories-83_77,Fashion accessories,Fashion accessories,SUP-1,83.77,83.77,7
sports-and-travel-64_08,Sports and travel,Sports and travel,SUP-1,64.08,64.08,7
food-and-beverages-73_47,Food and beverages,Food and beverages,SUP-1,73.47,73.47,7
health-and-beauty-58_95,Health and beauty,Health and beauty,SUP-1,58.95,58.95,7
food-and-beverages-48_50,Food and beverages,Food and beverages,SUP-1,48.5,48.5,7
electronic-accessories-39_48,Electronic accessories,Electronic accessories,SUP-1,39.48,39.48,7
sports-and-travel-34_81,Sports and travel,Sports and travel,SUP-1,34.81,34.81,7
fashion-accessories-49_32,Fashion accessories,Fashion accessories,SUP-1,49.32,49.32,7
fashion-accessories-21_48,Fashion accessories,Fashion accessories,SUP-1,21.48,21.48,7
sports-and-travel-23_08,Sports and travel,Sports and travel,SUP-1,23.08,23.08,7
home-and-lifestyle-49_10,Home and lifestyle,Home and lifestyle,SUP-1,49.1,49.1,7
sports-and-travel-64_83,Sports and travel,Sports and travel,SUP-1,64.83,64.83,7
home-and-lifestyle-63_56,Home and lifestyle,Home and lifestyle,SUP-1,63.56,63.56,7
sports-and-travel-72_88,Sports and travel,Sports and travel,SUP-1,72.88,72.88,7
food-and-beverages-67_10,Food and beverages,Food and beverages,SUP-1,67.1,67.1,7
sports-and-travel-70_19,Sports and travel,Sports and travel,SUP-1,70.19,70.19,7
food-and-beverages-55_04,Food and beverages,Food and beverages,SUP-1,55.04,55.04,7
health-and-beauty-48_63,Health and beauty,Health and beauty,SUP-1,48.63,48.63,7
fashion-accessories-73_38,Fashion accessories,Fashion accessories,SUP-1,73.38,73.38,7
food-and-beverages-52_60,Food and beverages,Food and beverages,SUP-1,52.6,52.6,7
home-and-lifestyle-87_37,Home and lifestyle,Home and lifestyle,SUP-1,87.37,87.37,7
sports-and-travel-27_04,Sports and travel,Sports and travel,SUP-1,27.04,27.04,7
home-and-lifestyle-62_19,Home and lifestyle,Home and lifestyle,SUP-1,62.19,62.19,7
electronic-accessories-69_58,Electronic accessories,Electronic accessories,SUP-1,69.58,69.58,7
home-and-lifestyle-97_50,Home and lifestyle,Home and lifestyle,SUP-1,97.5,97.5,7
fashion-accessories-60_41,Fashion accessories,Fashion accessories,SUP-1,60.41,60.41,7
food-and-beverages-32_32,Food and beverages,Food and beverages,SUP-1,32.32,32.32,7
fashion-accessories-19_77,Fashion accessories,Fashion accessories,SUP-1,19.77,19.77,7
health-and-beauty-80_47,Health and beauty,Health and beauty,SUP-1,80.47,80.47,7
home-and-lifestyle-88_39,Home and lifestyle,Home and lifestyle,SUP-1,88.39,88.39,7
health-and-beauty-71_77,Health and beauty,Health and beauty,SUP-1,71.77,71.77,7
electronic-accessories-43_00,Electronic accessories,Electronic accessories,SUP-1,43,43,7
food-and-beverages-68_98,Food and beverages,Food and beverages,SUP-1,68.98,68.98,7
fashion-accessories-15_62,Fashion accessories,Fashion accessories,SUP-1,15.62,15.62,7
sports-and-travel-25_70,Sports and travel,Sports and travel,SUP-1,25.7,25.7,7
food-and-beverages-80_62,Food and beverages,Food and beverages,SUP-1,80.62,80.62,7
home-and-lifestyle-75_53,Home and lifestyle,Home and lifestyle,SUP-1,75.53,75.53,7
electronic-accessories-77_63,Electronic accessories,Electronic accessories,SUP-1,77.63,77.63,7
health-and-beauty-13_85,Health and beauty,Health and beauty,SUP-1,13.85,13.85,7
fashion-accessories-98_70,Fashion accessories,Fashion accessories,SUP-1,98.7,98.7,7
health-and-beauty-35_68,Health and beauty,Health and beauty,SUP-1,35.68,35.68,7
fashion-accessories-71_46,Fashion accessories,Fashion accessories,SUP-1,71.46,71.46,7
electronic-accessories-11_94,Electronic accessories,Electronic accessories,SUP-1,11.94,11.94,7
fashion-accessories-45_38,Fashion accessories,Fashion accessories,SUP-1,45.38,45.38,7
fashion-accessories-17_48,Fashion accessories,Fashion accessories,SUP-1,17.48,17.48,7
fashion-accessories-25_56,Fashion accessories,Fashion accessories,SUP-1,25.56,25.56,7
sports-and-travel-90_63,Sports and travel,Sports and travel,SUP-1,90.63,90.63,7
home-and-lifestyle-44_12,Home and lifestyle,Home and lifestyle,SUP-1,44.12,44.12,7
food-and-beverages-36_77,Food and beverages,Food and beverages,SUP-1,36.77,36.77,7
food-and-beverages-23_34,Food and beverages,Food and beverages,SUP-1,23.34,23.34,7
health-and-beauty-28_50,Health and beauty,Health and beauty,SUP-1,28.5,28.5,7
home-and-lifestyle-55_57,Home and lifestyle,Home and lifestyle,SUP-1,55.57,55.57,7
sports-and-travel-69_74,Sports and travel,Sports and travel,SUP-1,69.74,69.74,7
fashion-accessories-97_26,Fashion accessories,Fashion accessories,SUP-1,97.26,97.26,7
home-and-lifestyle-52_18,Home and lifestyle,Home and lifestyle,SUP-1,52.18,52.18,7
fashion-accessories-22_32,Fashion accessories,Fashion accessories,SUP-1,22.32,22.32,7
health-and-beauty-56_00,Health and beauty,Health and beauty,SUP-1,56,56,7
fashion-accessories-19_70,Fashion accessories,Fashion accessories,SUP-1,19.7,19.7,7
electronic-accessories-75_88,Electronic accessories,Electronic accessories,SUP-1,75.88,75.88,7
food-and-beverages-53_72,Food and beverages,Food and beverages,SUP-1,53.72,53.72,7
health-and-beauty-81_95,Health and beauty,Health and beauty,SUP-1,81.95,81.95,7
home-and-lifestyle-81_20,Home and lifestyle,Home and lifestyle,SUP-1,81.2,81.2,7
electronic-accessories-58_76,Electronic accessories,Electronic accessories,SUP-1,58.76,58.76,7
electronic-accessories-91_56,Electronic accessories,Electronic accessories,SUP-1,91.56,91.56,7
home-and-lifestyle-93_96,Home and lifestyle,Home and lifestyle,SUP-1,93.96,93.96,7
home-and-lifestyle-55_61,Home and lifestyle,Home and lifestyle,SUP-1,55.61,55.61,7
food-and-beverages-84_83,Food and beverages,Food and beverages,SUP-1,84.83,84.83,7
sports-and-travel-71_63,Sports and travel,Sports and travel,SUP-1,71.63,71.63,7
home-and-lifestyle-37_69,Home and lifestyle,Home and lifestyle,SUP-1,37.69,37.69,7
sports-and-travel-31_67,Sports and travel,Sports and travel,SUP-1,31.67,31.67,7
food-and-beverages-38_42,Food and beverages,Food and beverages,SUP-1,38.42,38.42,7
fashion-accessories-65_23,Fashion accessories,Fashion accessories,SUP-1,65.23,65.23,7
home-and-lifestyle-10_53,Home and lifestyle,Home and lifestyle,SUP-1,10.53,10.53,7
home-and-lifestyle-12_29,Home and lifestyle,Home and lifestyle,SUP-1,12.29,12.29,7
health-and-beauty-81_23,Health and beauty,Health and beauty,SUP-1,81.23,81.23,7
food-and-beverages-27_28,Food and beverages,Food and beverages,SUP-1,27.28,27.28,7
electronic-accessories-17_42,Electronic accessories,Electronic accessories,SUP-1,17.42,17.42,7
home-and-lifestyle-73_28,Home and lifestyle,Home and lifestyle,SUP-1,73.28,73.28,7
fashion-accessories-84_87,Fashion accessories,Fashion accessories,SUP-1,84.87,84.87,7
fashion-accessories-97_29,Fashion accessories,Fashion accessories,SUP-1,97.29,97.29,7
electronic-accessories-35_74,Electronic accessories,Electronic accessories,SUP-1,35.74,35.74,7
home-and-lifestyle-96_52,Home and lifestyle,Home and lifestyle,SUP-1,96.52,96.52,7
food-and-beverages-18_85,Food and beverages,Food and beverages,SUP-1,18.85,18.85,7
food-and-beverages-55_39,Food and beverages,Food and beverages,SUP-1,55.39,55.39,7
food-and-beverages-77_20,Food and beverages,Food and beverages,SUP-1,77.2,77.2,7
electronic-accessories-72_13,Electronic accessories,Electronic accessories,SUP-1,72.13,72.13,7
fashion-accessories-63_88,Fashion accessories,Fashion accessories,SUP-1,63.88,63.88,7
health-and-beauty-10_69,Health and beauty,Health and beauty,SUP-1,10.69,10.69,7
health-and-beauty-55_50,Health and beauty,Health and beauty,SUP-1,55.5,55.5,7
home-and-lifestyle-95_46,Home and lifestyle,Home and lifestyle,SUP-1,95.46,95.46,7
fashion-accessories-76_06,Fashion accessories,Fashion accessories,SUP-1,76.06,76.06,7
sports-and-travel-13_69,Sports and travel,Sports and travel,SUP-1,13.69,13.69,7
electronic-accessories-95_64,Electronic accessories,Electronic accessories,SUP-1,95.64,95.64,7
home-and-lifestyle-11_43,Home and lifestyle,Home and lifestyle,SUP-1,11.43,11.43,7
sports-and-travel-95_54,Sports and travel,Sports and travel,SUP-1,95.54,95.54,7
health-and-beauty-85_87,Health and beauty,Health and beauty,SUP-1,85.87,85.87,7
sports-and-travel-67_99,Sports and travel,Sports and travel,SUP-1,67.99,67.99,7
food-and-beverages-52_42,Food and beverages,Food and beverages,SUP-1,52.42,52.42,7
food-and-beverages-65_65,Food and beverages,Food and beverages,SUP-1,65.65,65.65,7
food-and-beverages-28_86,Food and beverages,Food and beverages,SUP-1,28.86,28.86,7
health-and-beauty-65_31,Health and beauty,Health and beauty,SUP-1,65.31,65.31,7
sports-and-travel-93_38,Sports and travel,Sports and travel,SUP-1,93.38,93.38,7
sports-and-travel-25_25,Sports and travel,Sports and travel,SUP-1,25.25,25.25,7
electronic-accessories-87_87,Electronic accessories,Electronic accessories,SUP-1,87.87,87.87,7
health-and-beauty-21_80,Health and beauty,Health and beauty,SUP-1,21.8,21.8,7
sports-and-travel-94_76,Sports and travel,Sports and travel,SUP-1,94.76,94.76,7
fashion-accessories-30_62,Fashion accessories,Fashion accessories,SUP-1,30.62,30.62,7
home-and-lifestyle-44_01,Home and lifestyle,Home and lifestyle,SUP-1,44.01,44.01,7
health-and-beauty-10_16,Health and beauty,Health and beauty,SUP-1,10.16,10.16,7
electronic-accessories-74_58,Electronic accessories,Electronic accessories,SUP-1,74.58,74.58,7
electronic-accessories-71_89,Electronic accessories,Electronic accessories,SUP-1,71.89,71.89,7
health-and-beauty-10_99,Health and beauty,Health and beauty,SUP-1,10.99,10.99,7
health-and-beauty-60_47,Health and beauty,Health and beauty,SUP-1,60.47,60.47,7
sports-and-travel-58_91,Sports and travel,Sports and travel,SUP-1,58.91,58.91,7
fashion-accessories-46_41,Fashion accessories,Fashion accessories,SUP-1,46.41,46.41,7
health-and-beauty-68_55,Health and beauty,Health and beauty,SUP-1,68.55,68.55,7
home-and-lifestyle-97_37,Home and lifestyle,Home and lifestyle,SUP-1,97.37,97.37,7
electronic-accessories-92_60,Electronic accessories,Electronic accessories,SUP-1,92.6,92.6,7
electronic-accessories-46_61,Electronic accessories,Electronic accessories,SUP-1,46.61,46.61,7
fashion-accessories-27_18,Fashion accessories,Fashion accessories,SUP-1,27.18,27.18,7
home-and-lifestyle-60_87,Home and lifestyle,Home and lifestyle,SUP-1,60.87,60.87,7
sports-and-travel-24_49,Sports and travel,Sports and travel,SUP-1,24.49,24.49,7
health-and-beauty-92_78,Health and beauty,Health and beauty,SUP-1,92.78,92.78,7
home-and-lifestyle-86_69,Home and lifestyle,Home and lifestyle,SUP-1,86.69,86.69,7
sports-and-travel-23_01,Sports and travel,Sports and travel,SUP-1,23.01,23.01,7
electronic-accessories-30_20,Electronic accessories,Electronic accessories,SUP-1,30.2,30.2,7
fashion-accessories-67_39,Fashion accessories,Fashion accessories,SUP-1,67.39,67.39,7
fashion-accessories-48_96,Fashion accessories,Fashion accessories,SUP-1,48.96,48.96,7
electronic-accessories-75_59,Electronic accessories,Electronic accessories,SUP-1,75.59,75.59,7
home-and-lifestyle-77_47,Home and lifestyle,Home and lifestyle,SUP-1,77.47,77.47,7
sports-and-travel-93_18,Sports and travel,Sports and travel,SUP-1,93.18,93.18,7
electronic-accessories-50_23,Electronic accessories,Electronic accessories,SUP-1,50.23,50.23,7
health-and-beauty-17_75,Health and beauty,Health and beauty,SUP-1,17.75,17.75,7
fashion-accessories-62_18,Fashion accessories,Fashion accessories,SUP-1,62.18,62.18,7
health-and-beauty-10_75,Health and beauty,Health and beauty,SUP-1,10.75,10.75,7
electronic-accessories-40_26,Electronic accessories,Electronic accessories,SUP-1,40.26,40.26,7
sports-and-travel-64_97,Sports and travel,Sports and travel,SUP-1,64.97,64.97,7
electronic-accessories-95_15,Electronic accessories,Electronic accessories,SUP-1,95.15,95.15,7
electronic-accessories-48_62,Electronic accessories,Electronic accessories,SUP-1,48.62,48.62,7
food-and-beverages-53_21,Food and beverages,Food and beverages,SUP-1,53.21,53.21,7
fashion-accessories-45_44,Fashion accessories,Fashion accessories,SUP-1,45.44,45.44,7
food-and-beverages-33_88,Food and beverages,Food and beverages,SUP-1,33.88,33.88,7
health-and-beauty-96_16,Health and beauty,Health and beauty,SUP-1,96.16,96.16,7
food-and-beverages-47_16,Food and beverages,Food and beverages,SUP-1,47.16,47.16,7
home-and-lifestyle-47_68,Home and lifestyle,Home and lifestyle,SUP-1,47.68,47.68,7
sports-and-travel-10_17,Sports and travel,Sports and travel,SUP-1,10.17,10.17,7
health-and-beauty-68_71,Health and beauty,Health and beauty,SUP-1,68.71,68.71,7
sports-and-travel-60_08,Sports and travel,Sports and travel,SUP-1,60.08,60.08,7
sports-and-travel-22_01,Sports and travel,Sports and travel,SUP-1,22.01,22.01,7
health-and-beauty-72_11,Health and beauty,Health and beauty,SUP-1,72.11,72.11,7
fashion-accessories-41_28,Fashion accessories,Fashion accessories,SUP-1,41.28,41.28,7
electronic-accessories-64_95,Electronic accessories,Electronic accessories,SUP-1,64.95,64.95,7
electronic-accessories-74_22,Electronic accessories,Electronic accessories,SUP-1,74.22,74.22,7
electronic-accessories-10_56,Electronic accessories,Electronic accessories,SUP-1,10.56,10.56,7
health-and-beauty-62_57,Health and beauty,Health and beauty,SUP-1,62.57,62.57,7
sports-and-travel-11_85,Sports and travel,Sports and travel,SUP-1,11.85,11.85,7
health-and-beauty-91_30,Health and beauty,Health and beauty,SUP-1,91.3,91.3,7
home-and-lifestyle-40_73,Home and lifestyle,Home and lifestyle,SUP-1,40.73,40.73,7
fashion-accessories-52_38,Fashion accessories,Fashion accessories,SUP-1,52.38,52.38,7
fashion-accessories-38_54,Fashion accessories,Fashion accessories,SUP-1,38.54,38.54,7
sports-and-travel-44_63,Sports and travel,Sports and travel,SUP-1,44.63,44.63,7
electronic-accessories-55_87,Electronic accessories,Electronic accessories,SUP-1,55.87,55.87,7
sports-and-travel-29_22,Sports and travel,Sports and travel,SUP-1,29.22,29.22,7
fashion-accessories-51_94,Fashion accessories,Fashion accessories,SUP-1,51.94,51.94,7
electronic-accessories-60_30,Electronic accessories,Electronic accessories,SUP-1,60.3,60.3,7
sports-and-travel-39_47,Sports and travel,Sports and travel,SUP-1,39.47,39.47,7
food-and-beverages-14_87,Food and beverages,Food and beverages,SUP-1,14.87,14.87,7
fashion-accessories-21_32,Fashion accessories,Fashion accessories,SUP-1,21.32,21.32,7
electronic-accessories-93_78,Electronic accessories,Electronic accessories,SUP-1,93.78,93.78,7
electronic-accessories-73_26,Electronic accessories,Electronic accessories,SUP-1,73.26,73.26,7
sports-and-travel-22_38,Sports and travel,Sports and travel,SUP-1,22.38,22.38,7
food-and-beverages-72_88,Food and beverages,Food and beverages,SUP-1,72.88,72.88,7
fashion-accessories-99_10,Fashion accessories,Fashion accessories,SUP-1,99.1,99.1,7
fashion-accessories-74_10,Fashion accessories,Fashion accessories,SUP-1,74.1,74.1,7
fashion-accessories-98_48,Fashion accessories,Fashion accessories,SUP-1,98.48,98.48,7
health-and-beauty-53_19,Health and beauty,Health and beauty,SUP-1,53.19,53.19,7
electronic-accessories-52_79,Electronic accessories,Electronic accessories,SUP-1,52.79,52.79,7
health-and-beauty-95_95,Health and beauty,Health and beauty,SUP-1,95.95,95.95,7
fashion-accessories-36_51,Fashion accessories,Fashion accessories,SUP-1,36.51,36.51,7
food-and-beverages-21_12,Food and beverages,Food and beverages,SUP-1,21.12,21.12,7
home-and-lifestyle-28_31,Home and lifestyle,Home and lifestyle,SUP-1,28.31,28.31,7
health-and-beauty-57_59,Health and beauty,Health and beauty,SUP-1,57.59,57.59,7
food-and-beverages-47_63,Food and beverages,Food and beverages,SUP-1,47.63,47.63,7
home-and-lifestyle-86_27,Home and lifestyle,Home and lifestyle,SUP-1,86.27,86.27,7
sports-and-travel-12_76,Sports and travel,Sports and travel,SUP-1,12.76,12.76,7
home-and-lifestyle-11_28,Home and lifestyle,Home and lifestyle,SUP-1,11.28,11.28,7
home-and-lifestyle-51_07,Home and lifestyle,Home and lifestyle,SUP-1,51.07,51.07,7
electronic-accessories-79_59,Electronic accessories,Electronic accessories,SUP-1,79.59,79.59,7
health-and-beauty-33_81,Health and beauty,Health and beauty,SUP-1,33.81,33.81,7
sports-and-travel-90_53,Sports and travel,Sports and travel,SUP-1,90.53,90.53,7
health-and-beauty-62_82,Health and beauty,Health and beauty,SUP-1,62.82,62.82,7
food-and-beverages-24_31,Food and beverages,Food and beverages,SUP-1,24.31,24.31,7
sports-and-travel-64_59,Sports and travel,Sports and travel,SUP-1,64.59,64.59,7
food-and-beverages-24_82,Food and beverages,Food and beverages,SUP-1,24.82,24.82,7
fashion-accessories-56_50,Fashion accessories,Fashion accessories,SUP-1,56.5,56.5,7
electronic-accessories-21_43,Electronic accessories,Electronic accessories,SUP-1,21.43,21.43,7
sports-and-travel-89_06,Sports and travel,Sports and travel,SUP-1,89.06,89.06,7
home-and-lifestyle-23_29,Home and lifestyle,Home and lifestyle,SUP-1,23.29,23.29,7
home-and-lifestyle-65_26,Home and lifestyle,Home and lifestyle,SUP-1,65.26,65.26,7
fashion-accessories-52_35,Fashion accessories,Fashion accessories,SUP-1,52.35,52.35,7
electronic-accessories-39_75,Electronic accessories,Electronic accessories,SUP-1,39.75,39.75,7
electronic-accessories-90_02,Electronic accessories,Electronic accessories,SUP-1,90.02,90.02,7
electronic-accessories-12_10,Electronic accessories,Electronic accessories,SUP-1,12.1,12.1,7
food-and-beverages-33_21,Food and beverages,Food and beverages,SUP-1,33.21,33.21,7
fashion-accessories-10_18,Fashion accessories,Fashion accessories,SUP-1,10.18,10.18,7
sports-and-travel-31_99,Sports and travel,Sports and travel,SUP-1,31.99,31.99,7
food-and-beverages-83_34,Food and beverages,Food and beverages,SUP-1,83.34,83.34,7
food-and-beverages-87_90,Food and beverages,Food and beverages,SUP-1,87.9,87.9,7
electronic-accessories-73_47,Electronic accessories,Electronic accessories,SUP-1,73.47,73.47,7
fashion-accessories-12_19,Fashion accessories,Fashion accessories,SUP-1,12.19,12.19,7
sports-and-travel-76_92,Sports and travel,Sports and travel,SUP-1,76.92,76.92,7
health-and-beauty-83_66,Health and beauty,Health and beauty,SUP-1,83.66,83.66,7
electronic-accessories-57_91,Electronic accessories,Electronic accessories,SUP-1,57.91,57.91,7
fashion-accessories-92_49,Fashion accessories,Fashion accessories,SUP-1,92.49,92.49,7
electronic-accessories-28_38,Electronic accessories,Electronic accessories,SUP-1,28.38,28.38,7
electronic-accessories-50_45,Electronic accessories,Electronic accessories,SUP-1,50.45,50.45,7
health-and-beauty-99_16,Health and beauty,Health and beauty,SUP-1,99.16,99.16,7
fashion-accessories-60_74,Fashion accessories,Fashion accessories,SUP-1,60.74,60.74,7
food-and-beverages-47_27,Food and beverages,Food and beverages,SUP-1,47.27,47.27,7
health-and-beauty-85_60,Health and beauty,Health and beauty,SUP-1,85.6,85.6,7
food-and-beverages-35_04,Food and beverages,Food and beverages,SUP-1,35.04,35.04,7
electronic-accessories-44_84,Electronic accessories,Electronic accessories,SUP-1,44.84,44.84,7
home-and-lifestyle-45_97,Home and lifestyle,Home and lifestyle,SUP-1,45.97,45.97,7
health-and-beauty-27_73,Health and beauty,Health and beauty,SUP-1,27.73,27.73,7
food-and-beverages-11_53,Food and beverages,Food and beverages,SUP-1,11.53,11.53,7
health-and-beauty-58_32,Health and beauty,Health and beauty,SUP-1,58.32,58.32,7
health-and-beauty-84_61,Health and beauty,Health and beauty,SUP-1,84.61,84.61,7
health-and-beauty-82_88,Health and beauty,Health and beauty,SUP-1,82.88,82.88,7
food-and-beverages-79_54,Food and beverages,Food and beverages,SUP-1,79.54,79.54,7
home-and-lifestyle-49_01,Home and lifestyle,Home and lifestyle,SUP-1,49.01,49.01,7
food-and-beverages-29_15,Food and beverages,Food and beverages,SUP-1,29.15,29.15,7
electronic-accessories-56_13,Electronic accessories,Electronic accessories,SUP-1,56.13,56.13,7
home-and-lifestyle-93_12,Home and lifestyle,Home and lifestyle,SUP-1,93.12,93.12,7
fashion-accessories-51_34,Fashion accessories,Fashion accessories,SUP-1,51.34,51.34,7
food-and-beverages-99_60,Food and beverages,Food and beverages,SUP-1,99.6,99.6,7
electronic-accessories-35_49,Electronic accessories,Electronic accessories,SUP-1,35.49,35.49,7
sports-and-travel-42_85,Sports and travel,Sports and travel,SUP-1,42.85,42.85,7
fashion-accessories-94_67,Fashion accessories,Fashion accessories,SUP-1,94.67,94.67,7
home-and-lifestyle-68_97,Home and lifestyle,Home and lifestyle,SUP-1,68.97,68.97,7
home-and-lifestyle-35_79,Home and lifestyle,Home and lifestyle,SUP-1,35.79,35.79,7
home-and-lifestyle-16_37,Home and lifestyle,Home and lifestyle,SUP-1,16.37,16.37,7
home-and-lifestyle-12_73,Home and lifestyle,Home and lifestyle,SUP-1,12.73,12.73,7
sports-and-travel-83_14,Sports and travel,Sports and travel,SUP-1,83.14,83.14,7
sports-and-travel-35_22,Sports and travel,Sports and travel,SUP-1,35.22,35.22,7
electronic-accessories-13_78,Electronic accessories,Electronic accessories,SUP-1,13.78,13.78,7
sports-and-travel-88_31,Sports and travel,Sports and travel,SUP-1,88.31,88.31,7
health-and-beauty-39_62,Health and beauty,Health and beauty,SUP-1,39.62,39.62,7
electronic-accessories-88_25,Electronic accessories,Electronic accessories,SUP-1,88.25,88.25,7
sports-and-travel-25_31,Sports and travel,Sports and travel,SUP-1,25.31,25.31,7
home-and-lifestyle-99_92,Home and lifestyle,Home and lifestyle,SUP-1,99.92,99.92,7
fashion-accessories-83_35,Fashion accessories,Fashion accessories,SUP-1,83.35,83.35,7
food-and-beverages-74_44,Food and beverages,Food and beverages,SUP-1,74.44,74.44,7
health-and-beauty-64_08,Health and beauty,Health and beauty,SUP-1,64.08,64.08,7
home-and-lifestyle-63_15,Home and lifestyle,Home and lifestyle,SUP-1,63.15,63.15,7
home-and-lifestyle-85_72,Home and lifestyle,Home and lifestyle,SUP-1,85.72,85.72,7
health-and-beauty-78_89,Health and beauty,Health and beauty,SUP-1,78.89,78.89,7
sports-and-travel-89_48,Sports and travel,Sports and travel,SUP-1,89.48,89.48,7
health-and-beauty-92_09,Health and beauty,Health and beauty,SUP-1,92.09,92.09,7
food-and-beverages-57_29,Food and beverages,Food and beverages,SUP-1,57.29,57.29,7
food-and-beverages-66_52,Food and beverages,Food and beverages,SUP-1,66.52,66.52,7
home-and-lifestyle-45_68,Home and lifestyle,Home and lifestyle,SUP-1,45.68,45.68,7
health-and-beauty-50_79,Health and beauty,Health and beauty,SUP-1,50.79,50.79,7
health-and-beauty-10_08,Health and beauty,Health and beauty,SUP-1,10.08,10.08,7
electronic-accessories-93_88,Electronic accessories,Electronic accessories,SUP-1,93.88,93.88,7
electronic-accessories-84_25,Electronic accessories,Electronic accessories,SUP-1,84.25,84.25,7
fashion-accessories-53_78,Fashion accessories,Fashion accessories,SUP-1,53.78,53.78,7
home-and-lifestyle-35_81,Home and lifestyle,Home and lifestyle,SUP-1,35.81,35.81,7
food-and-beverages-26_43,Food and beverages,Food and beverages,SUP-1,26.43,26.43,7
health-and-beauty-39_91,Health and beauty,Health and beauty,SUP-1,39.91,39.91,7
home-and-lifestyle-21_90,Home and lifestyle,Home and lifestyle,SUP-1,21.9,21.9,7
food-and-beverages-62_85,Food and beverages,Food and beverages,SUP-1,62.85,62.85,7
food-and-beverages-21_04,Food and beverages,Food and beverages,SUP-1,21.04,21.04,7
home-and-lifestyle-65_91,Home and lifestyle,Home and lifestyle,SUP-1,65.91,65.91,7
fashion-accessories-42_57,Fashion accessories,Fashion accessories,SUP-1,42.57,42.57,7
food-and-beverages-50_49,Food and beverages,Food and beverages,SUP-1,50.49,50.49,7
electronic-accessories-46_02,Electronic accessories,Electronic accessories,SUP-1,46.02,46.02,7
home-and-lifestyle-15_80,Home and lifestyle,Home and lifestyle,SUP-1,15.8,15.8,7
food-and-beverages-98_66,Food and beverages,Food and beverages,SUP-1,98.66,98.66,7
fashion-accessories-91_98,Fashion accessories,Fashion accessories,SUP-1,91.98,91.98,7
electronic-accessories-20_89,Electronic accessories,Electronic accessories,SUP-1,20.89,20.89,7
fashion-accessories-15_50,Fashion accessories,Fashion accessories,SUP-1,15.5,15.5,7
electronic-accessories-96_82,Electronic accessories,Electronic accessories,SUP-1,96.82,96.82,7
food-and-beverages-33_33,Food and beverages,Food and beverages,SUP-1,33.33,33.33,7
electronic-accessories-38_27,Electronic accessories,Electronic accessories,SUP-1,38.27,38.27,7
home-and-lifestyle-33_30,Home and lifestyle,Home and lifestyle,SUP-1,33.3,33.3,7
home-and-lifestyle-81_01,Home and lifestyle,Home and lifestyle,SUP-1,81.01,81.01,7
health-and-beauty-15_80,Health and beauty,Health and beauty,SUP-1,15.8,15.8,7
electronic-accessories-34_49,Electronic accessories,Electronic accessories,SUP-1,34.49,34.49,7
food-and-beverages-84_63,Food and beverages,Food and beverages,SUP-1,84.63,84.63,7
home-and-lifestyle-36_91,Home and lifestyle,Home and lifestyle,SUP-1,36.91,36.91,7
electronic-accessories-87_08,Electronic accessories,Electronic accessories,SUP-1,87.08,87.08,7
home-and-lifestyle-80_08,Home and lifestyle,Home and lifestyle,SUP-1,80.08,80.08,7
fashion-accessories-86_13,Fashion accessories,Fashion accessories,SUP-1,86.13,86.13,7
fashion-accessories-49_92,Fashion accessories,Fashion accessories,SUP-1,49.92,49.92,7
food-and-beverages-74_66,Food and beverages,Food and beverages,SUP-1,74.66,74.66,7
food-and-beverages-26_60,Food and beverages,Food and beverages,SUP-1,26.6,26.6,7
electronic-accessories-25_45,Electronic accessories,Electronic accessories,SUP-1,25.45,25.45,7
food-and-beverages-67_77,Food and beverages,Food and beverages,SUP-1,67.77,67.77,7
food-and-beverages-59_59,Food and beverages,Food and beverages,SUP-1,59.59,59.59,7
health-and-beauty-58_15,Health and beauty,Health and beauty,SUP-1,58.15,58.15,7
sports-and-travel-97_48,Sports and travel,Sports and travel,SUP-1,97.48,97.48,7
health-and-beauty-99_96,Health and beauty,Health and beauty,SUP-1,99.96,99.96,7
electronic-accessories-96_37,Electronic accessories,Electronic accessories,SUP-1,96.37,96.37,7
fashion-accessories-63_71,Fashion accessories,Fashion accessories,SUP-1,63.71,63.71,7
health-and-beauty-14_76,Health and beauty,Health and beauty,SUP-1,14.76,14.76,7
health-and-beauty-62_00,Health and beauty,Health and beauty,SUP-1,62,62,7
electronic-accessories-82_34,Electronic accessories,Electronic accessories,SUP-1,82.34,82.34,7
health-and-beauty-75_37,Health and beauty,Health and beauty,SUP-1,75.37,75.37,7
food-and-beverages-56_56,Food and beverages,Food and beverages,SUP-1,56.56,56.56,7
sports-and-travel-76_60,Sports and travel,Sports and travel,SUP-1,76.6,76.6,7
electronic-accessories-58_03,Electronic accessories,Electronic accessories,SUP-1,58.03,58.03,7
fashion-accessories-17_49,Fashion accessories,Fashion accessories,SUP-1,17.49,17.49,7
electronic-accessories-60_95,Electronic accessories,Electronic accessories,SUP-1,60.95,60.95,7
health-and-beauty-40_35,Health and beauty,Health and beauty,SUP-1,40.35,40.35,7
home-and-lifestyle-97_38,Home and lifestyle,Home and lifestyle,SUP-1,97.38,97.38,7
food-and-beverages-31_84,Food and beverages,Food and beverages,SUP-1,31.84,31.84,7
home-and-lifestyle-65_82,Home and lifestyle,Home and lifestyle,SUP-1,65.82,65.82,7
fashion-accessories-88_34,Fashion accessories,Fashion accessories,SUP-1,88.34,88.34,7