transaction_id,sku,quantity,unit_price,total_amount,sale_date,channel
750-67-8428,health-and-beauty-74_69,7,74.69,548.97,2019-01-05,online
226-31-3081,electronic-accessories-15_28,5,15.28,80.22,2019-03-08,offline
631-41-3108,home-and-lifestyle-46_33,7,46.33,340.53,2019-03-03,offline
123-19-1176,health-and-beauty-58_22,8,58.22,489.05,2019-01-27,online
373-73-7910,sports-and-travel-86_31,7,86.31,634.38,2019-02-08,online
699-14-3026,electronic-accessories-85_39,7,85.39,627.62,2019-03-25,online
355-53-5943,electronic-accessories-68_84,6,68.84,433.69,2019-02-25,online
315-22-5665,home-and-lifestyle-73_56,10,73.56,772.38,2019-02-24,online
665-32-9167,health-and-beauty-36_26,2,36.26,76.15,2019-01-10,offline
692-92-5582,food-and-beverages-54_84,3,54.84,172.75,2019-02-20,offline
351-62-0822,fashion-accessories-14_48,4,14.48,60.82,2019-02-06,online
529-56-3974,electronic-accessories-25_51,4,25.51,107.14,2019-03-09,offline
365-64-0515,electronic-accessories-46_95,5,46.95,246.49,2019-02-12,online
252-56-2699,food-and-beverages-43_19,10,43.19,453.5,2019-02-07,online
829-34-3910,health-and-beauty-71_38,10,71.38,749.49,2019-03-29,offline
299-46-1805,sports-and-travel-93_72,6,93.72,590.44,2019-01-15,offline
656-95-9349,health-and-beauty-68_93,7,68.93,506.64,2019-03-11,offline
765-26-6951,sports-and-travel-72_61,6,72.61,457.44,2019-01-01,offline
329-62-1586,food-and-beverages-54_67,3,54.67,172.21,2019-01-21,offline
319-50-3348,home-and-lifestyle-40_30,2,40.3,84.63,2019-03-11,online
300-71-4605,electronic-accessories-86_04,5,86.04,451.71,2019-02-25,online
371-85-5789,health-and-beauty-87_98,3,87.98,277.14,2019-03-05,online
273-16-6619,home-and-lifestyle-33_20,2,33.2,69.72,2019-03-15,offline
636-48-8204,electronic-accessories-34_56,5,34.56,181.44,2019-02-17,online
549-59-1358,sports-and-travel-88_63,3,88.63,279.18,2019-03-02,online
227-03-5010,home-and-lifestyle-52_59,8,52.59,441.76,2019-03-22,offline
649-29-6775,fashion-accessories-33_52,1,33.52,35.2,2019-02-08,offline
189-17-4241,fashion-accessories-87_67,2,87.67,184.11,2019-03-10,offline
145-94-9061,food-and-beverages-88_36,5,88.36,463.89,2019-01-25,offline
848-62-7243,health-and-beauty-24_89,9,24.89,235.21,2019-03-15,offline
871-79-8483,fashion-accessories-94_13,5,94.13,494.18,2019-02-25,offline
149-71-6266,sports-and-travel-78_07,9,78.07,737.76,2019-01-28,offline
640-49-2076,sports-and-travel-83_78,8,83.78,703.75,2019-01-10,offline
595-11-5460,health-and-beauty-96_58,2,96.58,202.82,2019-03-15,offline
183-56-6882,food-and-beverages-99_42,4,99.42,417.56,2019-02-06,online
232-16-2483,sports-and-travel-68_12,1,68.12,71.53,2019-01-07,online
129-29-8530,sports-and-travel-62_62,5,62.62,328.75,2019-03-10,online
272-65-1806,electronic-accessories-60_88,9,60.88,575.32,2019-01-15,online
333-73-7901,health-and-beauty-54_92,8,54.92,461.33,2019-03-23,online
777-82-7220,home-and-lifestyle-30_12,8,30.12,253.01,2019-03-03,offline
280-35-5823,home-and-lifestyle-86_72,1,86.72,91.06,2019-01-17,online
554-53-8700,home-and-lifestyle-56_11,2,56.11,117.83,2019-02-02,offline
354-25-5821,sports-and-travel-69_12,6,69.12,435.46,2019-02-08,offline
228-96-1411,food-and-beverages-98_70,8,98.7,829.08,2019-03-04,offline
617-15-4209,health-and-beauty-15_37,2,15.37,32.28,2019-03-16,offline
132-32-9879,electronic-accessories-93_96,4,93.96,394.63,2019-03-09,offline
370-41-7321,health-and-beauty-56_69,9,56.69,535.72,2019-02-27,offline
727-46-3608,food-and-beverages-20_01,9,20.01,189.09,2019-02-06,online
669-54-1719,electronic-accessories-18_93,6,18.93,119.26,2019-02-10,offline
574-22-5561,fashion-accessories-82_63,10,82.63,867.62,2019-03-19,online
326-78-5178,food-and-beverages-91_40,7,91.4,671.79,2019-02-03,offline
162-48-8011,food-and-beverages-44_59,5,44.59,234.1,2019-02-10,offline
616-24-2851,fashion-accessories-17_87,4,17.87,75.05,2019-03-22,online
778-71-5554,fashion-accessories-15_43,1,15.43,16.2,2019-01-25,offline
242-55-6721,home-and-lifestyle-16_16,2,16.16,33.94,2019-03-07,online
399-46-5918,electronic-accessories-85_98,8,85.98,722.23,2019-02-28,offline
106-35-6779,home-and-lifestyle-44_34,2,44.34,93.11,2019-03-27,offline
635-40-6220,health-and-beauty-89_60,8,89.6,752.64,2019-02-07,online
817-48-8732,home-and-lifestyle-72_35,10,72.35,759.67,2019-01-20,offline
120-06-4233,electronic-accessories-30_61,6,30.61,192.84,2019-03-12,offline
285-68-5083,sports-and-travel-24_74,3,24.74,77.93,2019-02-15,offline
803-83-5989,home-and-lifestyle-55_73,6,55.73,351.1,2019-02-24,online
347-34-2234,sports-and-travel-55_07,9,55.07,520.41,2019-02-03,online
199-75-8169,sports-and-travel-15_81,10,15.81,166,2019-03-06,offline
853-23-2453,health-and-beauty-75_74,4,75.74,318.11,2019-02-14,offline
877-22-3308,health-and-beauty-15_87,10,15.87,166.63,2019-03-13,offline
838-78-4295,health-and-beauty-33_47,2,33.47,70.29,2019-02-10,online
109-28-2512,fashion-accessories-97_61,6,97.61,614.94,2019-01-07,online
232-11-3025,sports-and-travel-78_77,10,78.77,827.09,2019-01-24,offline
382-03-4532,health-and-beauty-18_33,1,18.33,19.25,2019-02-02,offline
393-65-2792,food-and-beverages-89_48,10,89.48,939.54,2019-01-06,offline
796-12-2025,fashion-accessories-62_12,10,62.12,652.26,2019-02-11,offline
510-95-6347,food-and-beverages-48_52,3,48.52,152.84,2019-03-05,online
841-35-6630,electronic-accessories-75_91,6,75.91,478.23,2019-03-09,offline
287-21-9091,home-and-lifestyle-74_67,9,74.67,705.63,2019-01-22,online
732-94-0499,electronic-accessories-41_65,10,41.65,437.32,2019-01-13,offline
263-10-3913,fashion-accessories-49_04,9,49.04,463.43,2019-01-09,offline
381-20-0914,fashion-accessories-20_01,9,20.01,189.09,2019-01-12,offline
829-49-1914,food-and-beverages-78_31,10,78.31,822.25,2019-03-05,online
756-01-7507,health-and-beauty-20_38,5,20.38,107,2019-01-22,offline
870-72-4431,health-and-beauty-99_19,6,99.19,624.9,2019-01-21,offline
847-38-7188,food-and-beverages-96_68,3,96.68,304.54,2019-01-26,online
480-63-2856,food-and-beverages-19_25,8,19.25,161.7,2019-01-23,online
787-56-0757,food-and-beverages-80_36,4,80.36,337.51,2019-02-23,offline
360-39-5055,sports-and-travel-48_91,5,48.91,256.78,2019-03-09,offline
730-50-9884,sports-and-travel-83_06,7,83.06,610.49,2019-03-05,online
362-58-8315,fashion-accessories-76_52,5,76.52,401.73,2019-03-25,offline
633-44-8566,food-and-beverages-49_38,7,49.38,362.94,2019-03-27,offline
504-35-8843,sports-and-travel-42_47,1,42.47,44.59,2019-01-02,offline
318-68-5053,health-and-beauty-76_99,6,76.99,485.04,2019-02-27,offline
565-80-5980,home-and-lifestyle-47_38,4,47.38,199,2019-01-23,offline
225-32-0908,sports-and-travel-44_86,10,44.86,471.03,2019-01-26,online
873-51-0671,sports-and-travel-21_98,7,21.98,161.55,2019-01-10,online
152-08-9985,health-and-beauty-64_36,9,64.36,608.2,2019-03-12,offline
512-91-0811,health-and-beauty-89_75,1,89.75,94.24,2019-02-06,offline
594-34-4444,electronic-accessories-97_16,1,97.16,102.02,2019-03-08,online
766-85-7061,health-and-beauty-87_87,10,87.87,922.63,2019-03-29,online
871-39-9221,electronic-accessories-12_45,6,12.45,78.44,2019-02-09,offline
865-92-6136,food-and-beverages-52_75,3,52.75,166.16,2019-03-23,online
733-01-9107,home-and-lifestyle-82_70,6,82.7,521.01,2019-03-05,offline
163-56-7055,fashion-accessories-48_71,1,48.71,51.15,2019-03-26,offline
189-98-2939,fashion-accessories-78_55,9,78.55,742.3,2019-03-01,offline
551-21-3069,electronic-accessories-23_07,9,23.07,218.01,2019-02-01,offline
212-62-1842,food-and-beverages-58_26,6,58.26,367.04,2019-03-28,offline
716-39-1409,health-and-beauty-30_35,7,30.35,223.07,2019-03-19,offline
704-48-3927,electronic-accessories-88_67,10,88.67,931.03,2019-01-12,online
628-34-3388,fashion-accessories-27_38,6,27.38,172.49,2019-01-05,offline
630-74-5166,sports-and-travel-62_13,6,62.13,391.42,2019-03-22,offline
588-01-7461,food-and-beverages-33_98,9,33.98,321.11,2019-03-24,offline
861-77-0145,electronic-accessories-81_97,10,81.97,860.68,2019-03-03,offline
479-26-8945,sports-and-travel-16_49,2,16.49,34.63,2019-02-05,online
210-67-5886,health-and-beauty-98_21,3,98.21,309.36,2019-02-05,offline
227-78-1148,fashion-accessories-72_84,7,72.84,535.37,2019-02-15,offline
645-44-1170,home-and-lifestyle-58_07,9,58.07,548.76,2019-01-19,online
237-01-6122,home-and-lifestyle-80_79,9,80.79,763.47,2019-02-01,offline
225-98-1496,fashion-accessories-27_02,3,27.02,85.11,2019-03-02,offline
291-32-1427,fashion-accessories-21_94,5,21.94,115.19,2019-03-05,online
659-65-8956,fashion-accessories-51_36,1,51.36,53.93,2019-01-16,online
642-32-2990,food-and-beverages-10_96,10,10.96,115.08,2019-02-02,online
378-24-2715,home-and-lifestyle-53_44,2,53.44,112.22,2019-01-20,online
638-60-7125,electronic-accessories-99_56,8,99.56,836.3,2019-02-14,offline
659-36-1684,sports-and-travel-57_12,7,57.12,419.83,2019-01-12,offline
219-22-9386,sports-and-travel-99_96,9,99.96,944.62,2019-03-09,offline
336-78-2147,home-and-lifestyle-63_91,8,63.91,536.84,2019-03-13,offline
268-27-6179,fashion-accessories-56_47,8,56.47,474.35,2019-03-09,online
668-90-8900,home-and-lifestyle-93_69,7,93.69,688.62,2019-03-10,offline
870-54-3162,sports-and-travel-32_25,5,32.25,169.31,2019-01-27,offline
189-08-9157,fashion-accessories-31_73,9,31.73,299.85,2019-01-08,offline
663-86-9076,food-and-beverages-68_54,8,68.54,575.74,2019-01-08,online
549-84-7482,sports-and-travel-90_28,9,90.28,853.15,2019-02-08,online
191-10-6171,fashion-accessories-39_62,7,39.62,291.21,2019-01-25,offline
802-70-5316,sports-and-travel-92_13,6,92.13,580.42,2019-03-06,offline
695-51-0018,sports-and-travel-34_84,4,34.84,146.33,2019-02-10,offline
590-83-4591,electronic-accessories-87_45,6,87.45,550.93,2019-02-17,offline
483-71-1164,health-and-beauty-81_30,6,81.3,512.19,2019-03-08,online
597-78-7908,fashion-accessories-90_22,3,90.22,284.19,2019-02-18,offline
700-81-1757,electronic-accessories-26_31,5,26.31,138.13,2019-01-18,offline
354-39-5160,home-and-lifestyle-34_42,6,34.42,216.85,2019-02-18,offline
241-72-9525,sports-and-travel-51_91,10,51.91,545.05,2019-02-16,offline
575-30-8091,sports-and-travel-72_50,8,72.5,609,2019-03-16,online
731-81-9469,sports-and-travel-89_80,10,89.8,942.9,2019-01-23,offline
280-17-4359,health-and-beauty-90_50,10,90.5,950.25,2019-01-25,offline
338-65-2210,health-and-beauty-68_60,10,68.6,720.3,2019-02-05,offline
488-25-4221,food-and-beverages-30_41,1,30.41,31.93,2019-02-22,offline
239-10-7476,home-and-lifestyle-77_95,6,77.95,491.08,2019-01-21,online
458-41-1477,health-and-beauty-46_26,6,46.26,291.44,2019-03-08,offline
685-64-1609,fashion-accessories-30_14,10,30.14,316.47,2019-02-10,online
568-90-5112,health-and-beauty-66_14,4,66.14,277.79,2019-03-19,offline
262-47-2794,home-and-lifestyle-71_86,8,71.86,603.62,2019-03-06,offline
238-49-0436,health-and-beauty-32_46,8,32.46,272.66,2019-03-27,offline
608-96-3517,fashion-accessories-91_54,4,91.54,384.47,2019-03-23,offline
584-86-7256,sports-and-travel-34_56,7,34.56,254.02,2019-03-11,offline
746-94-0204,fashion-accessories-83_24,9,83.24,786.62,2019-01-29,offline
214-17-6927,food-and-beverages-16_48,6,16.48,103.82,2019-02-07,online
400-89-4171,sports-and-travel-80_97,8,80.97,680.15,2019-01-28,offline
782-95-9291,food-and-beverages-92_29,5,92.29,484.52,2019-02-20,offline
279-74-2924,electronic-accessories-72_17,1,72.17,75.78,2019-01-04,offline
307-85-2293,home-and-lifestyle-50_28,5,50.28,263.97,2019-03-07,online
743-04-1105,health-and-beauty-97_22,9,97.22,918.73,2019-03-30,online
423-57-2993,sports-and-travel-93_39,6,93.39,588.36,2019-03-27,online
894-41-5205,food-and-beverages-43_18,8,43.18,362.71,2019-01-19,offline
275-28-0149,sports-and-travel-63_69,1,63.69,66.87,2019-02-25,offline
101-17-6199,food-and-beverages-45_79,7,45.79,336.56,2019-03-13,offline
423-80-0988,sports-and-travel-76_40,2,76.4,160.44,2019-01-30,online
548-46-9322,food-and-beverages-39_90,10,39.9,418.95,2019-02-20,offline
505-02-0892,health-and-beauty-42_57,8,42.57,357.59,2019-02-25,online
234-65-2137,home-and-lifestyle-95_58,10,95.58,1003.59,2019-01-16,offline
687-47-8271,fashion-accessories-98_98,10,98.98,1039.29,2019-02-08,offline
796-32-9050,food-and-beverages-51_28,6,51.28,323.06,2019-01-19,offline
105-31-1824,sports-and-travel-69_52,7,69.52,510.97,2019-02-01,offline
249-42-3782,health-and-beauty-70_01,5,70.01,367.55,2019-01-03,online
316-55-4634,food-and-beverages-80_05,5,80.05,420.26,2019-01-26,offline
733-33-4967,electronic-accessories-20_85,8,20.85,175.14,2019-03-03,offline
608-27-6295,electronic-accessories-52_89,6,52.89,333.21,2019-01-19,offline
414-12-7047,food-and-beverages-19_79,8,19.79,166.24,2019-01-18,online
827-26-2100,home-and-lifestyle-33_84,9,33.84,319.79,2019-03-21,online
175-54-2529,food-and-beverages-22_17,8,22.17,186.23,2019-03-03,offline
139-52-2867,fashion-accessories-22_51,7,22.51,165.45,2019-02-13,offline
407-63-8975,food-and-beverages-73_88,6,73.88,465.44,2019-03-23,online
342-65-4817,health-and-beauty-86_80,3,86.8,273.42,2019-01-28,online
130-98-8941,fashion-accessories-64_26,7,64.26,472.31,2019-02-09,offline
434-83-9547,food-and-beverages-38_47,8,38.47,323.15,2019-01-23,offline
851-28-6367,sports-and-travel-15_50,10,15.5,162.75,2019-03-23,online
824-88-3614,health-and-beauty-34_31,8,34.31,288.2,2019-01-25,online
586-25-0848,sports-and-travel-12_34,7,12.34,90.7,2019-03-04,offline
895-66-0685,food-and-beverages-18_08,3,18.08,56.95,2019-03-05,online
305-14-0245,home-and-lifestyle-94_49,8,94.49,793.72,2019-03-03,online
732-04-5373,home-and-lifestyle-46_47,4,46.47,195.17,2019-02-08,offline
400-60-7251,home-and-lifestyle-74_07,1,74.07,77.77,2019-02-10,online
593-65-1552,home-and-lifestyle-69_81,4,69.81,293.2,2019-01-28,offline
284-34-9626,home-and-lifestyle-77_04,3,77.04,242.68,2019-02-11,offline
437-58-8131,fashion-accessories-73_52,2,73.52,154.39,2019-01-15,online
286-43-6208,food-and-beverages-87_80,9,87.8,829.71,2019-03-16,offline
641-43-2399,home-and-lifestyle-25_55,4,25.55,107.31,2019-01-26,online
831-07-6050,electronic-accessories-32_71,5,32.71,171.73,2019-03-19,offline
556-86-3144,fashion-accessories-74_29,1,74.29,78,2019-01-13,offline
848-24-9445,health-and-beauty-43_70,2,43.7,91.77,2019-03-26,offline
856-22-8149,home-and-lifestyle-25_29,1,25.29,26.55,2019-03-23,online
699-01-4164,health-and-beauty-41_50,4,41.5,174.3,2019-03-12,offline
420-11-4919,food-and-beverages-71_39,5,71.39,374.8,2019-02-17,offline
606-80-4905,sports-and-travel-19_15,6,19.15,120.64,2019-01-29,offline
542-41-0513,electronic-accessories-57_49,4,57.49,241.46,2019-03-15,offline
426-39-2418,electronic-accessories-61_41,7,61.41,451.36,2019-01-14,offline
875-46-5808,health-and-beauty-25_90,10,25.9,271.95,2019-02-06,online
394-43-4238,home-and-lifestyle-17_77,5,17.77,93.29,2019-02-15,offline
749-24-1565,health-and-beauty-23_03,9,23.03,217.63,2019-01-03,online
672-51-8681,electronic-accessories-66_65,9,66.65,629.84,2019-01-04,offline
263-87-5680,home-and-lifestyle-28_53,10,28.53,299.56,2019-03-18,online
573-58-9734,fashion-accessories-30_37,3,30.37,95.67,2019-03-28,online
817-69-8206,electronic-accessories-99_73,9,99.73,942.45,2019-03-02,offline
888-02-0338,electronic-accessories-26_23,9,26.23,247.87,2019-01-25,online
677-11-0152,food-and-beverages-93_26,9,93.26,881.31,2019-01-16,offline
142-63-6033,home-and-lifestyle-92_36,5,92.36,484.89,2019-03-20,online
656-16-1063,sports-and-travel-46_42,3,46.42,146.22,2019-01-04,offline
891-58-8335,sports-and-travel-29_61,7,29.61,217.63,2019-03-11,offline
802-43-8934,home-and-lifestyle-18_28,1,18.28,19.19,2019-03-22,offline
560-30-5617,sports-and-travel-24_77,5,24.77,130.04,2019-03-24,offline
319-74-2561,electronic-accessories-94_64,3,94.64,298.12,2019-02-21,offline
549-03-9315,fashion-accessories-94_87,8,94.87,796.91,2019-02-12,online
790-29-1172,food-and-beverages-57_34,3,57.34,180.62,2019-03-10,offline
239-36-3640,electronic-accessories-45_35,6,45.35,285.7,2019-01-31,online
468-01-2051,food-and-beverages-62_08,7,62.08,456.29,2019-03-06,online
389-25-3394,electronic-accessories-11_81,5,11.81,62,2019-02-17,offline
279-62-1445,fashion-accessories-12_54,1,12.54,13.17,2019-02-21,offline
213-72-6612,food-and-beverages-43_25,2,43.25,90.83,2019-03-20,offline
746-68-6593,sports-and-travel-87_16,2,87.16,183.04,2019-01-11,offline
836-82-5858,health-and-beauty-69_37,9,69.37,655.55,2019-01-26,online
583-72-1480,electronic-accessories-37_06,4,37.06,155.65,2019-01-31,online
466-61-5506,electronic-accessories-90_70,6,90.7,571.41,2019-02-26,offline
721-86-6247,home-and-lifestyle-63_42,8,63.42,532.73,2019-03-11,online
289-65-5721,fashion-accessories-81_37,2,81.37,170.88,2019-01-26,offline
545-46-3100,electronic-accessories-10_59,3,10.59,33.36,2019-03-12,offline
418-02-5978,health-and-beauty-84_09,9,84.09,794.65,2019-02-11,offline
269-04-5750,fashion-accessories-73_82,4,73.82,310.04,2019-02-21,offline
157-13-5295,health-and-beauty-51_94,10,51.94,545.37,2019-03-09,online
645-78-8093,sports-and-travel-93_14,2,93.14,195.59,2019-01-20,online
211-30-9270,health-and-beauty-17_41,5,17.41,91.4,2019-01-28,offline
755-12-3214,fashion-accessories-44_22,5,44.22,232.16,2019-03-05,offline
346-84-3103,electronic-accessories-13_22,5,13.22,69.41,2019-03-02,offline
478-06-7835,fashion-accessories-89_69,1,89.69,94.17,2019-01-11,online
540-11-4336,food-and-beverages-24_94,9,24.94,235.68,2019-01-11,offline
448-81-5016,health-and-beauty-59_77,2,59.77,125.52,2019-03-11,offline
142-72-4741,fashion-accessories-93_20,2,93.2,195.72,2019-02-28,offline
217-58-1179,home-and-lifestyle-62_65,4,62.65,263.13,2019-01-05,offline
376-02-8238,home-and-lifestyle-93_87,8,93.87,788.51,2019-02-02,offline
530-90-9855,home-and-lifestyle-47_59,8,47.59,399.76,2019-01-01,offline
866-05-7563,electronic-accessories-81_40,3,81.4,256.41,2019-02-09,offline
604-70-6476,fashion-accessories-17_94,5,17.94,94.19,2019-01-23,online
799-71-1548,electronic-accessories-77_72,4,77.72,326.42,2019-01-07,offline
785-13-7708,food-and-beverages-73_06,7,73.06,536.99,2019-01-14,offline
845-51-0542,food-and-beverages-46_55,9,46.55,439.9,2019-02-02,online
662-47-5456,fashion-accessories-35_19,10,35.19,369.5,2019-03-17,offline
883-17-4236,sports-and-travel-14_39,2,14.39,30.22,2019-03-02,offline
290-68-2984,home-and-lifestyle-23_75,4,23.75,99.75,2019-03-16,offline
704-11-6354,home-and-lifestyle-58_90,8,58.9,494.76,2019-01-06,offline
110-48-7033,fashion-accessories-32_62,4,32.62,137,2019-01-29,offline
366-93-0948,electronic-accessories-66_35,1,66.35,69.67,2019-01-31,offline
729-09-9681,home-and-lifestyle-25_91,6,25.91,163.23,2019-02-05,online
151-16-1484,electronic-accessories-32_25,4,32.25,135.45,2019-02-13,online
380-94-4661,electronic-accessories-65_94,4,65.94,276.95,2019-02-07,offline
850-41-9669,electronic-accessories-75_06,9,75.06,709.32,2019-03-19,online
821-07-3596,fashion-accessories-16_45,4,16.45,69.09,2019-03-07,online
655-85-5130,fashion-accessories-38_30,4,38.3,160.86,2019-03-13,offline
447-15-7839,sports-and-travel-22_24,10,22.24,233.52,2019-02-09,offline
154-74-7179,sports-and-travel-54_45,1,54.45,57.17,2019-02-26,online
253-12-6086,sports-and-travel-98_40,7,98.4,723.24,2019-03-12,offline
808-65-0703,home-and-lifestyle-35_47,4,35.47,148.97,2019-03-14,offline
571-94-0759,food-and-beverages-74_60,10,74.6,783.3,2019-01-08,offline
144-51-6085,home-and-lifestyle-70_74,4,70.74,297.11,2019-01-05,offline
731-14-2199,home-and-lifestyle-35_54,10,35.54,373.17,2019-01-04,online
783-09-1637,sports-and-travel-67_43,5,67.43,354.01,2019-03-06,online
687-15-1097,health-and-beauty-21_12,2,21.12,44.35,2019-01-03,offline
126-54-1082,home-and-lifestyle-21_54,9,21.54,203.55,2019-01-07,offline
633-91-1052,home-and-lifestyle-12_03,2,12.03,25.26,2019-01-27,offline
477-24-6490,health-and-beauty-99_71,6,99.71,628.17,2019-02-26,online
566-19-5475,fashion-accessories-47_97,7,47.97,352.58,2019-01-07,offline
526-86-8552,home-and-lifestyle-21_82,10,21.82,229.11,2019-01-07,offline
376-56-3573,fashion-accessories-95_42,4,95.42,400.76,2019-02-02,online
537-72-0426,fashion-accessories-70_99,10,70.99,745.39,2019-03-20,offline
828-61-5674,sports-and-travel-44_02,10,44.02,462.21,2019-03-20,offline
136-08-6195,home-and-lifestyle-69_96,8,69.96,587.66,2019-02-15,offline
523-38-0215,home-and-lifestyle-37_00,1,37,38.85,2019-03-06,offline
490-29-1201,sports-and-travel-15_34,1,15.34,16.11,2019-01-06,offline
667-92-0055,health-and-beauty-99_83,6,99.83,628.93,2019-03-04,online
565-17-3836,health-and-beauty-47_67,4,47.67,200.21,2019-03-12,offline
498-41-1961,health-and-beauty-66_68,5,66.68,350.07,2019-02-20,offline
593-95-4461,home-and-lifestyle-74_86,1,74.86,78.6,2019-03-24,offline
226-71-3580,sports-and-travel-23_75,9,23.75,224.44,2019-01-31,offline
283-79-9594,food-and-beverages-48_51,7,48.51,356.55,2019-01-25,offline
430-60-3493,home-and-lifestyle-94_88,7,94.88,697.37,2019-02-03,offline
139-20-0155,electronic-accessories-40_30,10,40.3,423.15,2019-01-24,offline
558-80-4082,electronic-accessories-27_85,7,27.85,204.7,2019-03-14,online
278-97-7759,electronic-accessories-62_48,1,62.48,65.6,2019-02-18,offline
316-68-6352,food-and-beverages-36_36,2,36.36,76.36,2019-01-21,offline
585-03-5943,health-and-beauty-18_11,10,18.11,190.16,2019-03-13,online
211-05-0490,electronic-accessories-51_92,5,51.92,272.58,2019-03-03,offline
727-75-6477,electronic-accessories-28_84,4,28.84,121.13,2019-03-29,offline
744-02-5987,home-and-lifestyle-78_38,6,78.38,493.79,2019-01-10,online
307-83-9164,home-and-lifestyle-60_01,4,60.01,252.04,2019-01-25,offline
779-06-0012,home-and-lifestyle-88_61,1,88.61,93.04,2019-01-19,offline
446-47-6729,fashion-accessories-99_82,2,99.82,209.62,2019-01-02,offline
573-10-3877,health-and-beauty-39_01,1,39.01,40.96,2019-03-12,offline
735-06-4124,food-and-beverages-48_61,1,48.61,51.04,2019-02-25,offline
439-54-7422,electronic-accessories-51_19,4,51.19,215,2019-03-18,offline
396-90-2219,electronic-accessories-14_96,8,14.96,125.66,2019-02-23,offline
411-77-0180,electronic-accessories-72_20,7,72.2,530.67,2019-03-26,online
286-01-5402,sports-and-travel-40_23,7,40.23,295.69,2019-03-30,offline
803-17-8013,home-and-lifestyle-88_79,8,88.79,745.84,2019-02-17,offline
512-98-1403,electronic-accessories-26_48,3,26.48,83.41,2019-03-21,online
848-42-2560,fashion-accessories-81_91,2,81.91,172.01,2019-03-05,offline
532-59-7201,sports-and-travel-79_93,6,79.93,503.56,2019-01-31,offline
181-94-6432,fashion-accessories-69_33,2,69.33,145.59,2019-02-05,online
870-76-1733,food-and-beverages-14_23,5,14.23,74.71,2019-02-01,offline
423-64-4619,health-and-beauty-15_55,9,15.55,146.95,2019-03-07,offline
227-07-4446,electronic-accessories-78_13,10,78.13,820.37,2019-02-10,offline
174-36-3675,food-and-beverages-99_37,2,99.37,208.68,2019-02-14,offline
428-83-5800,food-and-beverages-21_08,3,21.08,66.4,2019-02-09,offline
603-07-0961,electronic-accessories-74_79,5,74.79,392.65,2019-01-10,offline
704-20-4138,health-and-beauty-29_67,7,29.67,218.07,2019-03-11,offline
787-15-1757,health-and-beauty-44_07,4,44.07,185.09,2019-02-18,online
649-11-3678,food-and-beverages-22_93,9,22.93,216.69,2019-02-26,offline
622-20-1945,health-and-beauty-39_42,1,39.42,41.39,2019-01-18,offline
372-94-8041,health-and-beauty-15_26,6,15.26,96.14,2019-02-15,online
563-91-7120,fashion-accessories-61_77,5,61.77,324.29,2019-03-08,offline
746-54-5508,home-and-lifestyle-21_52,6,21.52,135.58,2019-01-17,offline
276-54-0879,sports-and-travel-97_74,4,97.74,410.51,2019-03-12,online
815-11-1168,food-and-beverages-99_78,5,99.78,523.85,2019-03-09,offline
719-76-3868,food-and-beverages-94_26,4,94.26,395.89,2019-03-12,offline
730-61-8757,health-and-beauty-51_13,4,51.13,214.75,2019-01-25,offline
340-66-0321,electronic-accessories-36_36,4,36.36,152.71,2019-03-25,offline
868-81-1752,home-and-lifestyle-22_02,9,22.02,208.09,2019-02-07,offline
634-97-8956,food-and-beverages-32_90,3,32.9,103.64,2019-02-17,offline
566-71-1091,fashion-accessories-77_02,5,77.02,404.36,2019-02-03,offline
442-48-3607,food-and-beverages-23_48,2,23.48,49.31,2019-03-14,offline
835-16-0096,sports-and-travel-14_70,5,14.7,77.17,2019-03-24,online
527-09-6272,electronic-accessories-28_45,5,28.45,149.36,2019-03-21,offline
898-04-2717,fashion-accessories-76_40,9,76.4,721.98,2019-03-19,online
692-27-8933,sports-and-travel-57_95,6,57.95,365.08,2019-02-24,offline
633-09-3463,electronic-accessories-47_65,3,47.65,150.1,2019-03-28,offline
374-17-3652,food-and-beverages-42_82,9,42.82,404.65,2019-02-05,offline
378-07-7001,electronic-accessories-48_09,3,48.09,151.48,2019-02-10,offline
433-75-6987,health-and-beauty-55_97,7,55.97,411.38,2019-03-05,online
873-95-4984,health-and-beauty-76_90,7,76.9,565.22,2019-02-15,offline
416-13-5917,food-and-beverages-97_03,5,97.03,509.41,2019-01-30,online
150-89-8043,sports-and-travel-44_65,3,44.65,140.65,2019-02-14,offline
135-84-8019,fashion-accessories-77_93,9,77.93,736.44,2019-02-27,online
441-94-7118,electronic-accessories-71_95,1,71.95,75.55,2019-02-04,offline
725-96-3778,home-and-lifestyle-89_25,8,89.25,749.7,2019-01-20,offline
531-80-1784,electronic-accessories-26_02,7,26.02,191.25,2019-03-28,offline
400-45-1220,health-and-beauty-13_50,10,13.5,141.75,2019-02-27,offline
860-79-0874,fashion-accessories-99_30,10,99.3,1042.65,2019-02-15,offline
834-61-8124,electronic-accessories-51_69,7,51.69,379.92,2019-01-26,offline
115-99-4379,fashion-accessories-54_73,7,54.73,402.27,2019-03-14,offline
565-67-6697,home-and-lifestyle-27_00,9,27,255.15,2019-03-02,offline
320-49-6392,electronic-accessories-30_24,1,30.24,31.75,2019-03-04,offline
889-04-9723,food-and-beverages-89_14,4,89.14,374.39,2019-01-07,offline
632-90-0281,fashion-accessories-37_55,10,37.55,394.27,2019-03-08,offline
554-42-2417,sports-and-travel-95_44,10,95.44,1002.12,2019-01-09,offline
453-63-6187,electronic-accessories-27_50,3,27.5,86.63,2019-03-01,online
578-80-7669,sports-and-travel-74_97,1,74.97,78.72,2019-03-16,offline
612-36-5536,food-and-beverages-80_96,8,80.96,680.06,2019-02-17,offline
605-72-4132,food-and-beverages-94_47,8,94.47,793.55,2019-02-27,offline
471-41-2823,food-and-beverages-99_79,2,99.79,209.56,2019-03-07,online
462-67-9126,home-and-lifestyle-73_22,6,73.22,461.29,2019-01-21,offline
272-27-9238,food-and-beverages-41_24,4,41.24,173.21,2019-02-19,offline
834-25-9262,fashion-accessories-81_68,4,81.68,343.06,2019-01-06,offline
122-61-9553,electronic-accessories-51_32,9,51.32,484.97,2019-03-14,offline
468-88-0009,home-and-lifestyle-65_94,4,65.94,276.95,2019-03-24,offline
613-59-9758,sports-and-travel-14_36,10,14.36,150.78,2019-01-27,offline
254-31-0042,electronic-accessories-21_50,9,21.5,203.18,2019-03-06,offline
201-86-2184,electronic-accessories-26_26,7,26.26,193.01,2019-02-02,offline
261-12-8671,fashion-accessories-60_96,2,60.96,128.02,2019-01-25,offline
730-70-9830,home-and-lifestyle-70_11,6,70.11,441.69,2019-03-14,online
382-25-8917,fashion-accessories-42_08,6,42.08,265.1,2019-01-29,offline
422-29-8786,home-and-lifestyle-67_09,5,67.09,352.22,2019-01-03,offline
667-23-5919,fashion-accessories-96_70,5,96.7,507.68,2019-01-14,online
843-01-4703,home-and-lifestyle-35_38,9,35.38,334.34,2019-01-05,offline
743-88-1662,sports-and-travel-95_49,7,95.49,701.85,2019-02-22,online
595-86-2894,fashion-accessories-96_98,4,96.98,407.32,2019-02-06,online
182-69-8360,electronic-accessories-23_65,4,23.65,99.33,2019-01-30,offline
289-15-7034,sports-and-travel-82_33,4,82.33,345.79,2019-01-11,offline
462-78-5240,electronic-accessories-26_61,2,26.61,55.88,2019-03-19,offline
868-52-7573,food-and-beverages-99_69,5,99.69,523.37,2019-01-14,offline
153-58-4872,food-and-beverages-74_89,4,74.89,314.54,2019-03-01,online
662-72-2873,food-and-beverages-40_94,5,40.94,214.94,2019-01-06,online
525-88-7307,sports-and-travel-75_82,1,75.82,79.61,2019-01-31,offline
689-16-9784,food-and-beverages-46_77,6,46.77,294.65,2019-03-11,offline
725-56-0833,health-and-beauty-32_32,10,32.32,339.36,2019-02-20,offline
394-41-0748,fashion-accessories-54_07,9,54.07,510.96,2019-01-27,online
596-42-3999,food-and-beverages-18_22,7,18.22,133.92,2019-03-10,offline
541-89-9860,fashion-accessories-80_48,3,80.48,253.51,2019-02-15,offline
173-82-9529,fashion-accessories-37_95,10,37.95,398.48,2019-01-26,offline
563-36-9814,electronic-accessories-76_82,1,76.82,80.66,2019-02-13,online
308-47-4913,sports-and-travel-52_26,10,52.26,548.73,2019-03-09,offline
885-17-6250,health-and-beauty-79_74,1,79.74,83.73,2019-03-06,online
726-27-2396,health-and-beauty-77_50,5,77.5,406.88,2019-01-24,online
316-01-3952,food-and-beverages-54_27,5,54.27,284.92,2019-03-13,online
760-54-1821,home-and-lifestyle-13_59,9,13.59,128.43,2019-03-15,offline
793-10-3222,health-and-beauty-41_06,6,41.06,258.68,2019-03-05,offline
346-12-3257,electronic-accessories-19_24,9,19.24,181.82,2019-03-04,offline
110-05-6330,food-and-beverages-39_43,6,39.43,248.41,2019-03-25,offline
651-61-0874,home-and-lifestyle-46_22,4,46.22,194.12,2019-03-12,offline
236-86-3015,home-and-lifestyle-13_98,1,13.98,14.68,2019-02-04,online
831-64-0259,fashion-accessories-39_75,5,39.75,208.69,2019-02-22,online
587-03-7455,fashion-accessories-97_79,7,97.79,718.76,2019-02-16,online
882-40-4577,sports-and-travel-67_26,4,67.26,282.49,2019-01-19,offline
732-67-5346,food-and-beverages-13_79,5,13.79,72.4,2019-01-11,offline
725-32-9708,fashion-accessories-68_71,4,68.71,288.58,2019-01-04,offline
256-08-8343,home-and-lifestyle-56_53,4,56.53,237.43,2019-03-04,online
372-26-1506,fashion-accessories-23_82,5,23.82,125.06,2019-01-28,online
244-08-0162,health-and-beauty-34_21,10,34.21,359.2,2019-01-02,offline
569-71-4390,sports-and-travel-21_87,2,21.87,45.93,2019-01-25,online
132-23-6451,health-and-beauty-20_97,5,20.97,110.09,2019-01-04,offline
696-90-2548,sports-and-travel-25_84,3,25.84,81.4,2019-03-10,online
472-15-9636,home-and-lifestyle-50_93,8,50.93,427.81,2019-03-22,online
268-03-6164,health-and-beauty-96_11,1,96.11,100.92,2019-01-25,online
750-57-9686,home-and-lifestyle-45_38,4,45.38,190.6,2019-01-08,offline
186-09-3669,health-and-beauty-81_51,1,81.51,85.59,2019-01-22,online
848-07-1692,health-and-beauty-57_22,2,57.22,120.16,2019-01-12,online
745-71-3520,electronic-accessories-25_22,7,25.22,185.37,2019-02-04,offline
266-76-6436,food-and-beverages-38_60,3,38.6,121.59,2019-03-28,online
740-22-2500,electronic-accessories-84_05,3,84.05,264.76,2019-01-23,offline
271-88-8734,fashion-accessories-97_21,10,97.21,1020.71,2019-02-08,offline
301-81-8610,fashion-accessories-25_42,8,25.42,213.53,2019-03-19,offline
489-64-4354,fashion-accessories-16_28,1,16.28,17.09,2019-03-09,offline
198-84-7132,fashion-accessories-40_61,9,40.61,383.76,2019-01-02,offline
269-10-8440,health-and-beauty-53_17,7,53.17,390.8,2019-01-21,offline
650-98-6268,food-and-beverages-20_87,3,20.87,65.74,2019-03-20,offline
741-73-3559,sports-and-travel-67_27,5,67.27,353.17,2019-02-27,offline
325-77-6186,home-and-lifestyle-90_65,10,90.65,951.83,2019-03-08,online
286-75-7818,fashion-accessories-69_08,2,69.08,145.07,2019-01-31,offline
574-57-9721,food-and-beverages-43_27,2,43.27,90.87,2019-03-08,online
459-50-7686,electronic-accessories-23_46,6,23.46,147.8,2019-01-13,online
616-87-0016,fashion-accessories-95_54,7,95.54,702.22,2019-03-09,offline
837-55-7229,fashion-accessories-47_44,1,47.44,49.81,2019-02-22,offline
751-69-0068,sports-and-travel-99_24,9,99.24,937.82,2019-03-19,online
257-73-1380,sports-and-travel-82_93,4,82.93,348.31,2019-01-20,online
345-08-4992,home-and-lifestyle-33_99,6,33.99,214.14,2019-03-08,offline
549-96-4200,food-and-beverages-17_04,4,17.04,71.57,2019-03-08,online
810-60-6344,electronic-accessories-40_86,8,40.86,343.22,2019-02-07,offline
450-28-2866,food-and-beverages-17_44,5,17.44,91.56,2019-01-15,offline
394-30-3170,sports-and-travel-88_43,8,88.43,742.81,2019-03-22,offline
138-17-5109,home-and-lifestyle-89_21,9,89.21,843.03,2019-01-15,offline
192-98-7397,fashion-accessories-12_78,1,12.78,13.42,2019-01-08,online
301-11-9629,sports-and-travel-19_10,7,19.1,140.38,2019-01-15,offline
390-80-5128,health-and-beauty-19_15,1,19.15,20.11,2019-01-28,offline
235-46-8343,food-and-beverages-27_66,10,27.66,290.43,2019-02-14,offline
453-12-7053,fashion-accessories-45_74,3,45.74,144.08,2019-03-10,offline
296-11-7041,health-and-beauty-27_07,1,27.07,28.42,2019-01-12,offline
449-27-2918,sports-and-travel-39_12,1,39.12,41.08,2019-03-26,offline
891-01-7034,electronic-accessories-74_71,6,74.71,470.67,2019-01-01,offline
744-09-5786,electronic-accessories-22_01,6,22.01,138.66,2019-01-02,offline
727-17-0390,food-and-beverages-63_61,5,63.61,333.95,2019-03-16,online
568-88-3448,health-and-beauty-25_00,1,25,26.25,2019-03-03,online
187-83-5490,electronic-accessories-20_77,4,20.77,87.23,2019-01-31,offline
767-54-1907,fashion-accessories-29_56,5,29.56,155.19,2019-02-13,offline
710-46-4433,food-and-beverages-77_40,9,77.4,731.43,2019-02-15,offline
533-33-5337,electronic-accessories-79_39,10,79.39,833.6,2019-02-07,offline
325-90-8763,electronic-accessories-46_57,10,46.57,488.99,2019-01-27,offline
729-46-7422,food-and-beverages-35_89,1,35.89,37.68,2019-02-23,offline
639-76-1242,food-and-beverages-40_52,5,40.52,212.73,2019-02-03,offline
234-03-4040,food-and-beverages-73_05,10,73.05,767.02,2019-03-03,offline
326-71-2155,sports-and-travel-73_95,4,73.95,310.59,2019-02-03,offline
320-32-8842,food-and-beverages-22_62,1,22.62,23.75,2019-03-17,offline
470-32-9057,food-and-beverages-51_34,5,51.34,269.54,2019-03-28,offline
878-30-2331,sports-and-travel-54_55,10,54.55,572.77,2019-03-02,offline
440-59-5691,health-and-beauty-37_15,7,37.15,273.05,2019-02-08,offline
554-53-3790,sports-and-travel-37_02,6,37.02,233.23,2019-03-22,offline
746-19-0921,food-and-beverages-21_58,1,21.58,22.66,2019-02-09,online
233-34-0817,electronic-accessories-98_84,1,98.84,103.78,2019-02-15,offline
767-05-1286,home-and-lifestyle-83_77,6,83.77,527.75,2019-01-23,online
340-21-9136,sports-and-travel-40_05,4,40.05,168.21,2019-01-25,offline
405-31-3305,fashion-accessories-43_13,10,43.13,452.87,2019-02-02,offline
731-59-7531,health-and-beauty-72_57,8,72.57,609.59,2019-03-30,offline
676-39-6028,electronic-accessories-64_44,5,64.44,338.31,2019-03-30,offline
502-05-1910,health-and-beauty-65_18,3,65.18,205.32,2019-02-25,offline
485-30-8700,sports-and-travel-33_26,5,33.26,174.62,2019-03-18,offline
598-47-9715,electronic-accessories-84_07,4,84.07,353.09,2019-03-07,online
701-69-8742,sports-and-travel-34_37,10,34.37,360.88,2019-03-16,online
575-67-1508,electronic-accessories-38_60,1,38.6,40.53,2019-01-29,online
541-08-3113,food-and-beverages-65_97,8,65.97,554.15,2019-02-02,offline
246-11-3901,electronic-accessories-32_80,10,32.8,344.4,2019-02-15,offline
674-15-9296,sports-and-travel-37_14,5,37.14,194.99,2019-01-08,online
305-18-3552,home-and-lifestyle-60_38,10,60.38,633.99,2019-02-12,offline
493-65-6248,sports-and-travel-36_98,10,36.98,388.29,2019-01-01,offline
438-01-4015,sports-and-travel-49_49,4,49.49,207.86,2019-03-21,online
709-58-4068,fashion-accessories-41_09,10,41.09,431.44,2019-02-28,offline
795-49-7276,fashion-accessories-37_15,4,37.15,156.03,2019-03-23,online
556-72-8512,home-and-lifestyle-22_96,1,22.96,24.11,2019-01-30,offline
627-95-3243,home-and-lifestyle-77_68,9,77.68,734.08,2019-02-04,online
686-41-0932,fashion-accessories-34_70,2,34.7,72.87,2019-03-13,online
510-09-5628,fashion-accessories-19_66,10,19.66,206.43,2019-03-15,offline
608-04-3797,health-and-beauty-25_32,8,25.32,212.69,2019-03-05,online
148-82-2527,home-and-lifestyle-12_12,10,12.12,127.26,2019-03-05,offline
437-53-3084,fashion-accessories-99_89,2,99.89,209.77,2019-02-26,online
632-32-4574,sports-and-travel-75_92,8,75.92,637.73,2019-03-20,offline
556-97-7101,electronic-accessories-63_22,2,63.22,132.76,2019-01-01,offline
862-59-8517,food-and-beverages-90_24,6,90.24,568.51,2019-01-27,offline
401-18-8016,sports-and-travel-98_13,1,98.13,103.04,2019-01-21,offline
420-18-8989,sports-and-travel-51_52,8,51.52,432.77,2019-02-02,offline
277-63-2961,sports-and-travel-73_97,1,73.97,77.67,2019-02-03,offline
573-98-8548,fashion-accessories-31_90,1,31.9,33.49,2019-01-05,online
620-02-2046,home-and-lifestyle-69_40,2,69.4,145.74,2019-01-27,online
282-35-2475,sports-and-travel-93_31,2,93.31,195.95,2019-03-25,offline
511-54-3087,sports-and-travel-88_45,1,88.45,92.87,2019-02-25,offline
726-29-6793,electronic-accessories-24_18,8,24.18,203.11,2019-01-28,online
387-49-4215,sports-and-travel-48_50,3,48.5,152.78,2019-01-08,offline
862-17-9201,food-and-beverages-84_05,6,84.05,529.51,2019-01-29,offline
291-21-5991,health-and-beauty-61_29,5,61.29,321.77,2019-03-29,offline
602-80-9671,home-and-lifestyle-15_95,6,15.95,100.48,2019-02-09,offline
347-72-6115,sports-and-travel-90_74,7,90.74,666.94,2019-01-16,offline
209-61-0206,home-and-lifestyle-42_91,5,42.91,225.28,2019-01-05,online
595-27-4851,fashion-accessories-54_28,7,54.28,398.96,2019-01-27,online
189-52-0236,electronic-accessories-99_55,7,99.55,731.69,2019-03-14,offline
503-07-0930,sports-and-travel-58_39,7,58.39,429.17,2019-02-23,offline
413-20-6708,fashion-accessories-51_47,1,51.47,54.04,2019-03-18,online
425-85-2085,health-and-beauty-54_86,5,54.86,288.01,2019-03-29,online
521-18-7827,home-and-lifestyle-39_39,5,39.39,206.8,2019-01-22,offline
220-28-1851,home-and-lifestyle-34_73,2,34.73,72.93,2019-03-01,online
600-38-9738,sports-and-travel-71_92,5,71.92,377.58,2019-01-17,offline
734-91-1155,electronic-accessories-45_71,3,45.71,143.99,2019-03-26,offline
451-28-5717,home-and-lifestyle-83_17,6,83.17,523.97,2019-03-20,offline
609-81-8548,home-and-lifestyle-37_44,6,37.44,235.87,2019-02-06,offline
133-14-7229,health-and-beauty-62_87,2,62.87,132.03,2019-01-01,offline
534-01-4457,food-and-beverages-81_71,6,81.71,514.77,2019-01-27,offline
719-89-8991,sports-and-travel-91_41,5,91.41,479.9,2019-02-25,online
286-62-6248,fashion-accessories-39_21,4,39.21,164.68,2019-01-16,offline
339-38-9982,fashion-accessories-59_86,2,59.86,125.71,2019-01-13,online
827-44-5872,food-and-beverages-54_36,10,54.36,570.78,2019-02-07,offline
827-77-7633,sports-and-travel-98_09,9,98.09,926.95,2019-02-17,offline
287-83-1405,health-and-beauty-25_43,6,25.43,160.21,2019-02-12,online
435-13-4908,fashion-accessories-86_68,8,86.68,728.11,2019-01-24,offline
857-67-9057,electronic-accessories-22_95,10,22.95,240.97,2019-02-06,online
236-27-1144,food-and-beverages-16_31,9,16.31,154.13,2019-03-26,online
892-05-6689,home-and-lifestyle-28_32,5,28.32,148.68,2019-03-11,online
583-41-4548,home-and-lifestyle-16_67,7,16.67,122.52,2019-02-07,online
339-12-4827,fashion-accessories-73_96,1,73.96,77.66,2019-01-05,offline
643-38-7867,home-and-lifestyle-97_94,1,97.94,102.84,2019-03-07,online
308-81-0538,fashion-accessories-73_05,4,73.05,306.81,2019-02-25,offline
358-88-9262,food-and-beverages-87_48,6,87.48,551.12,2019-02-01,online
460-35-4390,home-and-lifestyle-30_68,3,30.68,96.64,2019-01-22,online
343-87-0864,health-and-beauty-75_88,1,75.88,79.67,2019-01-03,offline
173-50-1108,sports-and-travel-20_18,4,20.18,84.76,2019-02-13,offline
243-47-2663,electronic-accessories-18_77,6,18.77,118.25,2019-01-28,offline
841-18-8232,food-and-beverages-71_20,1,71.2,74.76,2019-01-05,offline
701-23-5550,home-and-lifestyle-38_81,4,38.81,163,2019-03-19,online
647-50-1224,fashion-accessories-29_42,10,29.42,308.91,2019-01-12,online
541-48-8554,sports-and-travel-60_95,9,60.95,575.98,2019-01-07,offline
539-21-7227,sports-and-travel-51_54,5,51.54,270.58,2019-01-26,offline
213-32-1216,electronic-accessories-66_06,6,66.06,416.18,2019-01-23,offline
747-58-7183,fashion-accessories-57_27,3,57.27,180.4,2019-02-09,online
582-52-8065,fashion-accessories-54_31,9,54.31,513.23,2019-02-22,offline
210-57-1719,health-and-beauty-58_24,9,58.24,550.37,2019-02-05,offline
399-69-4630,electronic-accessories-22_21,6,22.21,139.92,2019-03-07,offline
134-75-2619,electronic-accessories-19_32,7,19.32,142,2019-03-25,offline
356-44-8813,home-and-lifestyle-37_48,3,37.48,118.06,2019-01-20,offline
198-66-9832,fashion-accessories-72_04,2,72.04,151.28,2019-02-04,offline
283-26-5248,food-and-beverages-98_52,10,98.52,1034.46,2019-01-30,online
712-39-0363,food-and-beverages-41_66,6,41.66,262.46,2019-01-02,online
218-59-9410,home-and-lifestyle-72_42,3,72.42,228.12,2019-03-29,online
174-75-0888,electronic-accessories-21_58,9,21.58,203.93,2019-03-14,offline
866-99-7614,food-and-beverages-89_20,10,89.2,936.6,2019-02-11,offline
134-54-4720,electronic-accessories-42_42,8,42.42,356.33,2019-01-30,online
760-90-2357,electronic-accessories-74_51,6,74.51,469.41,2019-03-20,online
514-37-2845,fashion-accessories-99_25,2,99.25,208.43,2019-03-20,offline
698-98-5964,food-and-beverages-81_21,10,81.21,852.71,2019-01-17,offline
718-57-9773,sports-and-travel-49_33,10,49.33,517.97,2019-02-03,offline
651-88-7328,fashion-accessories-65_74,9,65.74,621.24,2019-01-01,offline
241-11-2261,fashion-accessories-79_86,7,79.86,586.97,2019-01-10,offline
408-26-9866,sports-and-travel-73_98,7,73.98,543.75,2019-03-02,online
834-83-1826,home-and-lifestyle-82_04,5,82.04,430.71,2019-02-25,offline
343-61-3544,sports-and-travel-26_67,10,26.67,280.04,2019-01-29,offline
239-48-4278,food-and-beverages-10_13,7,10.13,74.46,2019-03-10,online
355-34-6244,food-and-beverages-72_39,2,72.39,152.02,2019-01-13,offline
550-84-8664,sports-and-travel-85_91,5,85.91,451.03,2019-03-22,offline
339-96-8318,fashion-accessories-81_31,7,81.31,597.63,2019-03-01,online
458-61-0011,food-and-beverages-60_30,4,60.3,253.26,2019-02-20,offline
592-34-6155,food-and-beverages-31_77,4,31.77,133.43,2019-01-14,online
797-88-0493,health-and-beauty-64_27,4,64.27,269.93,2019-03-26,offline
207-73-1363,health-and-beauty-69_51,2,69.51,145.97,2019-03-01,online
390-31-6381,food-and-beverages-27_22,3,27.22,85.74,2019-01-07,offline
443-82-0585,health-and-beauty-77_68,4,77.68,326.26,2019-02-01,offline
339-18-7061,fashion-accessories-92_98,2,92.98,195.26,2019-02-13,offline
359-90-3665,fashion-accessories-18_08,4,18.08,75.94,2019-01-14,offline
375-72-3056,sports-and-travel-63_06,3,63.06,198.64,2019-01-19,online
127-47-6963,health-and-beauty-51_71,4,51.71,217.18,2019-03-09,offline
278-86-2735,food-and-beverages-52_34,3,52.34,164.87,2019-03-27,offline
695-28-6250,sports-and-travel-43_06,5,43.06,226.06,2019-02-04,online
379-17-6588,fashion-accessories-59_61,10,59.61,625.9,2019-03-14,offline
227-50-3718,health-and-beauty-14_62,5,14.62,76.75,2019-03-04,offline
302-15-2162,health-and-beauty-46_53,6,46.53,293.14,2019-03-03,offline
788-07-8452,home-and-lifestyle-24_24,7,24.24,178.16,2019-01-27,online
560-49-6611,sports-and-travel-45_58,1,45.58,47.86,2019-02-07,offline
880-35-0356,sports-and-travel-75_20,3,75.2,236.88,2019-02-05,online
585-11-6748,sports-and-travel-96_80,3,96.8,304.92,2019-03-15,offline
470-31-3286,health-and-beauty-14_82,3,14.82,46.68,2019-03-01,offline
152-68-2907,food-and-beverages-52_20,3,52.2,164.43,2019-02-15,offline
123-35-4896,sports-and-travel-46_66,9,46.66,440.94,2019-02-17,online
258-69-7810,fashion-accessories-36_85,5,36.85,193.46,2019-01-26,offline
334-64-2006,home-and-lifestyle-70_32,2,70.32,147.67,2019-03-24,online
219-61-4139,electronic-accessories-83_08,1,83.08,87.23,2019-01-23,online
881-41-7302,fashion-accessories-64_99,1,64.99,68.24,2019-01-26,offline
373-09-4567,food-and-beverages-77_56,10,77.56,814.38,2019-03-14,online
642-30-6693,sports-and-travel-54_51,6,54.51,343.41,2019-03-17,online
484-22-8230,fashion-accessories-51_89,7,51.89,381.39,2019-01-08,offline
830-58-2383,home-and-lifestyle-31_75,4,31.75,133.35,2019-02-08,offline
559-98-9873,fashion-accessories-53_65,7,53.65,394.33,2019-02-10,online
544-32-5024,food-and-beverages-49_79,4,49.79,209.12,2019-03-28,offline
318-12-0304,fashion-accessories-30_61,1,30.61,32.14,2019-01-23,online
349-97-8902,food-and-beverages-57_89,2,57.89,121.57,2019-01-17,online
421-95-9805,electronic-accessories-28_96,1,28.96,30.41,2019-02-07,offline
277-35-5865,food-and-beverages-98_97,9,98.97,935.27,2019-03-09,offline
789-23-8625,fashion-accessories-93_22,3,93.22,293.64,2019-01-24,offline
284-54-4231,sports-and-travel-80_93,1,80.93,84.98,2019-01-19,offline
443-59-0061,food-and-beverages-67_45,10,67.45,708.23,2019-02-03,online
509-29-3912,sports-and-travel-38_72,9,38.72,365.9,2019-03-20,online
327-40-9673,sports-and-travel-72_60,6,72.6,457.38,2019-01-13,offline
840-19-2096,electronic-accessories-87_91,5,87.91,461.53,2019-03-14,online
828-46-6863,food-and-beverages-98_53,6,98.53,620.74,2019-01-23,offline
641-96-3695,fashion-accessories-43_46,6,43.46,273.8,2019-02-07,online
420-97-3340,food-and-beverages-71_68,3,71.68,225.79,2019-03-28,offline
436-54-4512,food-and-beverages-91_61,1,91.61,96.19,2019-03-20,offline
670-79-6321,home-and-lifestyle-94_59,7,94.59,695.24,2019-01-17,offline
852-62-7105,fashion-accessories-83_25,10,83.25,874.13,2019-01-12,offline
598-06-7312,fashion-accessories-91_35,1,91.35,95.92,2019-02-16,offline
135-13-8269,food-and-beverages-78_88,2,78.88,165.65,2019-01-26,offline
816-57-2053,sports-and-travel-60_87,2,60.87,127.83,2019-03-09,online
628-90-8624,health-and-beauty-82_58,10,82.58,867.09,2019-03-14,offline
856-66-2701,home-and-lifestyle-53_30,3,53.3,167.9,2019-01-25,online
308-39-1707,fashion-accessories-12_09,1,12.09,12.69,2019-01-26,offline
149-61-1929,sports-and-travel-64_19,10,64.19,674,2019-01-19,offline
655-07-2265,electronic-accessories-78_31,3,78.31,246.68,2019-03-05,online
589-02-8023,food-and-beverages-83_77,2,83.77,175.92,2019-01-15,offline
420-04-7590,home-and-lifestyle-99_70,3,99.7,314.06,2019-03-18,online
182-88-2763,food-and-beverages-79_91,3,79.91,251.72,2019-03-20,offline
188-55-0967,health-and-beauty-66_47,10,66.47,697.93,2019-01-15,offline
610-46-4100,health-and-beauty-28_95,7,28.95,212.78,2019-03-03,offline
318-81-2368,electronic-accessories-46_20,1,46.2,48.51,2019-03-19,offline
364-33-8584,food-and-beverages-17_63,5,17.63,92.56,2019-03-08,offline
665-63-9737,fashion-accessories-52_42,3,52.42,165.12,2019-02-27,online
695-09-5146,food-and-beverages-98_79,3,98.79,311.19,2019-02-23,online
155-45-3814,electronic-accessories-88_55,8,88.55,743.82,2019-03-19,online
794-32-2436,electronic-accessories-55_67,2,55.67,116.91,2019-03-27,online
131-15-8856,food-and-beverages-72_52,8,72.52,609.17,2019-03-30,offline
273-84-2164,electronic-accessories-12_05,5,12.05,63.26,2019-02-16,online
706-36-6154,home-and-lifestyle-19_36,9,19.36,182.95,2019-01-18,online
778-89-7974,health-and-beauty-70_21,6,70.21,442.32,2019-03-30,offline
574-31-8277,fashion-accessories-33_63,1,33.63,35.31,2019-03-20,offline
859-71-0933,sports-and-travel-15_49,2,15.49,32.53,2019-01-16,offline
740-11-5257,electronic-accessories-24_74,10,24.74,259.77,2019-02-24,offline
369-82-2676,electronic-accessories-75_66,5,75.66,397.21,2019-01-15,online
563-47-4072,health-and-beauty-55_81,6,55.81,351.6,2019-01-22,offline
742-04-5161,home-and-lifestyle-72_78,10,72.78,764.19,2019-02-03,offline
149-15-7606,sports-and-travel-37_32,9,37.32,352.67,2019-03-06,online
133-77-3154,fashion-accessories-60_18,4,60.18,252.76,2019-02-16,offline
169-52-4504,electronic-accessories-15_69,3,15.69,49.42,2019-03-14,offline
250-81-7186,electronic-accessories-99_69,1,99.69,104.67,2019-02-27,offline
562-12-5430,fashion-accessories-88_15,3,88.15,277.67,2019-01-18,online
816-72-8853,sports-and-travel-27_93,5,27.93,146.63,2019-01-29,offline
491-38-3499,fashion-accessories-55_45,1,55.45,58.22,2019-02-26,offline
322-02-2271,sports-and-travel-42_97,3,42.97,135.36,2019-02-03,offline
842-29-4695,sports-and-travel-17_14,7,17.14,125.98,2019-01-16,offline
725-67-2480,fashion-accessories-58_75,6,58.75,370.13,2019-03-24,offline
641-51-2661,food-and-beverages-87_10,10,87.1,914.55,2019-02-12,offline
714-02-3114,sports-and-travel-98_80,2,98.8,207.48,2019-02-21,offline
518-17-2983,fashion-accessories-48_63,4,48.63,204.25,2019-02-04,online
779-42-2410,food-and-beverages-57_74,3,57.74,181.88,2019-02-20,online
190-14-3147,health-and-beauty-17_97,4,17.97,75.47,2019-02-23,online
408-66-6712,health-and-beauty-47_71,6,47.71,300.57,2019-02-16,online
679-22-6530,sports-and-travel-40_62,2,40.62,85.3,2019-01-17,offline
588-47-8641,fashion-accessories-56_04,10,56.04,588.42,2019-01-14,online
642-61-4706,food-and-beverages-93_40,2,93.4,196.14,2019-03-30,offline
576-31-4774,health-and-beauty-73_41,3,73.41,231.24,2019-03-02,online
556-41-6224,health-and-beauty-33_64,8,33.64,282.58,2019-02-15,offline
811-03-8790,electronic-accessories-45_48,10,45.48,477.54,2019-03-01,offline
242-11-3142,fashion-accessories-83_77,2,83.77,175.92,2019-02-24,offline
752-23-3760,sports-and-travel-64_08,7,64.08,470.99,2019-02-19,offline
274-05-5470,food-and-beverages-73_47,4,73.47,308.57,2019-02-23,offline
648-94-3045,health-and-beauty-58_95,10,58.95,618.98,2019-02-07,online
130-67-4723,food-and-beverages-48_50,6,48.5,305.55,2019-01-11,online
528-87-5606,electronic-accessories-39_48,1,39.48,41.45,2019-02-12,offline
320-85-2052,sports-and-travel-34_81,1,34.81,36.55,2019-01-14,offline
370-96-0655,fashion-accessories-49_32,6,49.32,310.72,2019-01-09,online
105-10-6182,fashion-accessories-21_48,2,21.48,45.11,2019-02-27,online
510-79-0415,sports-and-travel-23_08,6,23.08,145.4,2019-01-24,online
241-96-5076,home-and-lifestyle-49_10,2,49.1,103.11,2019-01-08,offline
767-97-4650,sports-and-travel-64_83,2,64.83,136.14,2019-01-08,offline
648-83-1321,home-and-lifestyle-63_56,10,63.56,667.38,2019-01-16,offline
173-57-2300,sports-and-travel-72_88,2,72.88,153.05,2019-03-13,offline
305-03-2383,food-and-beverages-67_10,3,67.1,211.37,2019-02-15,offline
394-55-6384,sports-and-travel-70_19,9,70.19,663.3,2019-01-25,offline
266-20-6657,food-and-beverages-55_04,7,55.04,404.54,2019-03-12,online
689-05-1884,health-and-beauty-48_63,10,48.63,510.62,2019-03-04,offline
196-01-2849,fashion-accessories-73_38,7,73.38,539.34,2019-02-10,offline
372-62-5264,food-and-beverages-52_60,9,52.6,497.07,2019-01-16,offline
800-09-8606,home-and-lifestyle-87_37,5,87.37,458.69,2019-01-29,offline
182-52-7000,sports-and-travel-27_04,4,27.04,113.57,2019-01-01,online
826-58-8051,home-and-lifestyle-62_19,4,62.19,261.2,2019-01-06,online
868-06-0466,electronic-accessories-69_58,9,69.58,657.53,2019-02-19,offline
751-41-9720,home-and-lifestyle-97_50,10,97.5,1023.75,2019-01-12,online
626-43-7888,fashion-accessories-60_41,8,60.41,507.44,2019-02-07,online
176-64-7711,food-and-beverages-32_32,3,32.32,101.81,2019-03-27,offline
191-29-0321,fashion-accessories-19_77,10,19.77,207.59,2019-02-27,offline
729-06-2010,health-and-beauty-80_47,9,80.47,760.44,2019-01-06,offline
640-48-5028,home-and-lifestyle-88_39,9,88.39,835.29,2019-03-02,offline
186-79-9562,health-and-beauty-71_77,7,71.77,527.51,2019-03-29,offline
834-45-5519,electronic-accessories-43_00,4,43,180.6,2019-01-31,online
162-65-8559,food-and-beverages-68_98,1,68.98,72.43,2019-01-21,offline
760-27-5490,fashion-accessories-15_62,8,15.62,131.21,2019-01-20,online
445-30-9252,sports-and-travel-25_70,3,25.7,80.95,2019-01-17,online
786-94-2700,food-and-beverages-80_62,6,80.62,507.91,2019-02-28,offline
728-88-7867,home-and-lifestyle-75_53,4,75.53,317.23,2019-03-19,online
183-21-3799,electronic-accessories-77_63,9,77.63,733.6,2019-02-19,online
268-20-3585,health-and-beauty-13_85,9,13.85,130.88,2019-02-04,online
735-32-9839,fashion-accessories-98_70,8,98.7,829.08,2019-01-31,online
258-92-7466,health-and-beauty-35_68,5,35.68,187.32,2019-02-06,offline
857-16-3520,fashion-accessories-71_46,7,71.46,525.23,2019-03-28,online
482-17-1179,electronic-accessories-11_94,3,11.94,37.61,2019-01-19,offline
788-21-5741,fashion-accessories-45_38,3,45.38,142.95,2019-02-17,offline
821-14-9046,fashion-accessories-17_48,6,17.48,110.12,2019-01-18,offline
418-05-0656,fashion-accessories-25_56,7,25.56,187.87,2019-02-02,offline
678-79-0726,sports-and-travel-90_63,9,90.63,856.45,2019-01-18,offline
776-68-1096,home-and-lifestyle-44_12,3,44.12,138.98,2019-03-18,offline
592-46-1692,food-and-beverages-36_77,7,36.77,270.26,2019-01-11,offline
434-35-9162,food-and-beverages-23_34,4,23.34,98.03,2019-02-04,online
149-14-0304,health-and-beauty-28_50,8,28.5,239.4,2019-02-06,offline
442-44-6497,home-and-lifestyle-55_57,3,55.57,175.05,2019-01-08,offline
174-64-0215,sports-and-travel-69_74,10,69.74,732.27,2019-03-05,offline
210-74-9613,fashion-accessories-97_26,4,97.26,408.49,2019-03-16,online
299-29-0180,home-and-lifestyle-52_18,7,52.18,383.52,2019-03-09,offline
247-11-2470,fashion-accessories-22_32,4,22.32,93.74,2019-03-01,offline
635-28-5728,health-and-beauty-56_00,3,56,176.4,2019-02-28,online
756-49-0168,fashion-accessories-19_70,1,19.7,20.68,2019-02-08,online
438-23-1242,electronic-accessories-75_88,7,75.88,557.72,2019-01-24,online
238-45-6950,food-and-beverages-53_72,1,53.72,56.41,2019-03-01,online
607-65-2441,health-and-beauty-81_95,10,81.95,860.48,2019-03-10,offline
386-27-7606,home-and-lifestyle-81_20,7,81.2,596.82,2019-03-23,offline
137-63-5492,electronic-accessories-58_76,10,58.76,616.98,2019-01-29,online
197-77-7132,electronic-accessories-91_56,8,91.56,769.1,2019-01-12,online
805-86-0265,home-and-lifestyle-93_96,9,93.96,887.92,2019-03-20,offline
733-29-1227,home-and-lifestyle-55_61,7,55.61,408.73,2019-03-23,offline
451-73-2711,food-and-beverages-84_83,1,84.83,89.07,2019-01-14,online
373-14-0504,sports-and-travel-71_63,2,71.63,150.42,2019-02-12,online
546-80-2899,home-and-lifestyle-37_69,2,37.69,79.15,2019-02-20,online
345-68-9016,sports-and-travel-31_67,8,31.67,266.03,2019-01-02,offline
390-17-5806,food-and-beverages-38_42,1,38.42,40.34,2019-02-02,offline
457-13-1708,fashion-accessories-65_23,10,65.23,684.91,2019-01-08,offline
664-14-2882,home-and-lifestyle-10_53,5,10.53,55.28,2019-01-30,offline
487-79-6868,home-and-lifestyle-12_29,9,12.29,116.14,2019-03-26,offline
314-23-4520,health-and-beauty-81_23,7,81.23,597.04,2019-01-15,offline
210-30-7976,fashion-accessories-22_32,4,22.32,93.74,2019-03-14,online
585-86-8361,food-and-beverages-27_28,5,27.28,143.22,2019-02-03,offline
807-14-7833,electronic-accessories-17_42,10,17.42,182.91,2019-02-22,online
775-72-1988,home-and-lifestyle-73_28,5,73.28,384.72,2019-01-24,online
288-38-3758,fashion-accessories-84_87,3,84.87,267.34,2019-01-25,online
652-43-6591,fashion-accessories-97_29,8,97.29,817.24,2019-03-09,offline
785-96-0615,electronic-accessories-35_74,8,35.74,300.22,2019-02-17,online
406-46-7107,home-and-lifestyle-96_52,6,96.52,608.08,2019-01-11,offline
250-17-5703,food-and-beverages-18_85,10,18.85,197.93,2019-02-27,online
156-95-3964,food-and-beverages-55_39,4,55.39,232.64,2019-03-25,online
842-40-8179,food-and-beverages-77_20,10,77.2,810.6,2019-02-11,offline
525-09-8450,electronic-accessories-72_13,10,72.13,757.37,2019-01-31,offline
410-67-1709,fashion-accessories-63_88,8,63.88,536.59,2019-01-20,online
587-73-4862,health-and-beauty-10_69,5,10.69,56.12,2019-03-26,online
787-87-2010,health-and-beauty-55_50,4,55.5,233.1,2019-01-20,offline
593-14-4239,home-and-lifestyle-95_46,8,95.46,801.86,2019-03-05,online
801-88-0346,fashion-accessories-76_06,3,76.06,239.59,2019-01-05,offline
388-76-2555,sports-and-travel-13_69,6,13.69,86.25,2019-02-13,offline
711-31-1234,electronic-accessories-95_64,4,95.64,401.69,2019-03-16,offline
886-54-6089,home-and-lifestyle-11_43,6,11.43,72.01,2019-01-15,offline
707-32-7409,sports-and-travel-95_54,4,95.54,401.27,2019-02-26,online
759-98-4285,health-and-beauty-85_87,7,85.87,631.14,2019-02-27,offline
201-63-8275,sports-and-travel-67_99,7,67.99,499.73,2019-02-17,online
471-06-8611,food-and-beverages-52_42,1,52.42,55.04,2019-02-06,offline
200-16-5952,food-and-beverages-65_65,2,65.65,137.87,2019-01-17,offline
120-54-2248,food-and-beverages-28_86,5,28.86,151.51,2019-01-22,offline
102-77-2261,health-and-beauty-65_31,7,65.31,480.03,2019-03-05,offline
875-31-8302,sports-and-travel-93_38,1,93.38,98.05,2019-01-03,offline
102-06-2002,sports-and-travel-25_25,5,25.25,132.56,2019-03-20,offline
457-94-0464,electronic-accessories-87_87,9,87.87,830.37,2019-01-31,online
629-42-4133,health-and-beauty-21_80,8,21.8,183.12,2019-02-19,offline
534-53-3526,sports-and-travel-94_76,4,94.76,397.99,2019-02-11,online
307-04-2070,fashion-accessories-30_62,1,30.62,32.15,2019-02-05,offline
468-99-7231,home-and-lifestyle-44_01,8,44.01,369.68,2019-03-03,offline
516-77-6464,health-and-beauty-10_16,5,10.16,53.34,2019-02-24,online
404-91-5964,electronic-accessories-74_58,7,74.58,548.16,2019-02-04,offline
886-77-9084,electronic-accessories-71_89,8,71.89,603.88,2019-02-19,online
790-38-4466,health-and-beauty-10_99,5,10.99,57.7,2019-01-23,offline
704-10-4056,health-and-beauty-60_47,3,60.47,190.48,2019-01-14,offline
497-37-6538,sports-and-travel-58_91,7,58.91,432.99,2019-01-17,online
651-96-5970,fashion-accessories-46_41,1,46.41,48.73,2019-03-03,offline
400-80-4065,health-and-beauty-68_55,4,68.55,287.91,2019-02-15,offline
744-16-7898,home-and-lifestyle-97_37,10,97.37,1022.38,2019-01-15,offline
263-12-5321,electronic-accessories-92_60,7,92.6,680.61,2019-02-27,offline
702-72-0487,electronic-accessories-46_61,2,46.61,97.88,2019-02-26,offline
605-83-1050,fashion-accessories-27_18,2,27.18,57.08,2019-03-15,online
443-60-9639,home-and-lifestyle-60_87,1,60.87,63.91,2019-01-24,offline
864-24-7918,sports-and-travel-24_49,10,24.49,257.14,2019-02-22,offline
359-94-5395,health-and-beauty-92_78,1,92.78,97.42,2019-03-15,offline
401-09-4232,home-and-lifestyle-86_69,5,86.69,455.12,2019-02-11,online
751-15-6198,sports-and-travel-23_01,6,23.01,144.96,2019-01-12,online
324-41-6833,electronic-accessories-30_20,8,30.2,253.68,2019-03-03,online
474-33-8305,fashion-accessories-67_39,7,67.39,495.32,2019-03-23,online
759-29-9521,fashion-accessories-48_96,9,48.96,462.67,2019-03-04,offline
831-81-6575,electronic-accessories-75_59,9,75.59,714.33,2019-02-23,offline
220-68-6701,home-and-lifestyle-77_47,4,77.47,325.37,2019-03-17,offline
618-34-8551,sports-and-travel-93_18,2,93.18,195.68,2019-01-16,offline
257-60-7754,electronic-accessories-50_23,4,50.23,210.97,2019-01-08,offline
559-61-5987,health-and-beauty-17_75,1,17.75,18.64,2019-01-14,offline
189-55-2313,fashion-accessories-62_18,10,62.18,652.89,2019-01-31,online
565-91-4567,health-and-beauty-10_75,8,10.75,90.3,2019-03-15,online
380-60-5336,electronic-accessories-40_26,10,40.26,422.73,2019-02-24,offline
815-04-6282,sports-and-travel-64_97,5,64.97,341.09,2019-02-08,offline
674-56-6360,electronic-accessories-95_15,1,95.15,99.91,2019-03-22,offline
778-34-2523,electronic-accessories-48_62,8,48.62,408.41,2019-01-24,offline
499-27-7781,food-and-beverages-53_21,8,53.21,446.96,2019-03-14,online
477-59-2456,fashion-accessories-45_44,7,45.44,333.98,2019-01-23,offline
832-51-6761,food-and-beverages-33_88,8,33.88,284.59,2019-01-19,online
869-11-3082,health-and-beauty-96_16,4,96.16,403.87,2019-01-27,offline
190-59-3964,food-and-beverages-47_16,5,47.16,247.59,2019-02-03,offline
366-43-6862,electronic-accessories-52_89,4,52.89,222.14,2019-03-25,online
186-43-8965,home-and-lifestyle-47_68,2,47.68,100.13,2019-02-24,offline
784-21-9238,sports-and-travel-10_17,1,10.17,10.68,2019-02-07,offline
276-75-6884,health-and-beauty-68_71,3,68.71,216.44,2019-03-04,offline
109-86-4363,sports-and-travel-60_08,7,60.08,441.59,2019-02-14,offline
569-76-2760,sports-and-travel-22_01,4,22.01,92.44,2019-01-29,offline
222-42-0244,health-and-beauty-72_11,9,72.11,681.44,2019-01-28,offline
760-53-9233,fashion-accessories-41_28,3,41.28,130.03,2019-03-26,offline
538-22-0304,electronic-accessories-64_95,10,64.95,681.98,2019-03-24,offline
416-17-9926,electronic-accessories-74_22,10,74.22,779.31,2019-01-01,offline
237-44-6163,electronic-accessories-10_56,8,10.56,88.7,2019-01-24,offline
636-17-0325,health-and-beauty-62_57,4,62.57,262.79,2019-02-25,offline
343-75-9322,sports-and-travel-11_85,8,11.85,99.54,2019-01-09,offline
528-14-9470,health-and-beauty-91_30,1,91.3,95.86,2019-02-14,online
427-45-9297,home-and-lifestyle-40_73,7,40.73,299.37,2019-03-12,online
807-34-3742,fashion-accessories-52_38,1,52.38,55,2019-03-26,offline
288-62-1085,fashion-accessories-38_54,5,38.54,202.34,2019-01-09,online
670-71-7306,sports-and-travel-44_63,6,44.63,281.17,2019-01-02,offline
660-29-7083,electronic-accessories-55_87,10,55.87,586.63,2019-01-15,offline
271-77-8740,sports-and-travel-29_22,6,29.22,184.09,2019-01-01,online
497-36-0989,fashion-accessories-51_94,3,51.94,163.61,2019-02-15,offline
291-59-1384,electronic-accessories-60_30,1,60.3,63.31,2019-02-28,offline
860-73-6466,sports-and-travel-39_47,2,39.47,82.89,2019-03-02,offline
549-23-9016,food-and-beverages-14_87,2,14.87,31.23,2019-02-13,offline
896-34-0956,fashion-accessories-21_32,1,21.32,22.39,2019-01-26,offline
804-38-3935,electronic-accessories-93_78,3,93.78,295.41,2019-01-30,offline
585-90-0249,electronic-accessories-73_26,1,73.26,76.92,2019-01-27,online
862-29-5914,sports-and-travel-22_38,1,22.38,23.5,2019-01-30,offline
845-94-6841,food-and-beverages-72_88,9,72.88,688.72,2019-01-08,offline
125-45-2293,fashion-accessories-99_10,6,99.1,624.33,2019-01-19,offline
843-73-4724,fashion-accessories-74_10,1,74.1,77.81,2019-01-25,offline
409-33-9708,fashion-accessories-98_48,2,98.48,206.81,2019-02-19,online
658-66-3967,health-and-beauty-53_19,7,53.19,390.95,2019-01-14,online
866-70-2814,electronic-accessories-52_79,10,52.79,554.29,2019-02-25,online
160-22-2687,health-and-beauty-95_95,5,95.95,503.74,2019-01-23,online
895-03-6665,fashion-accessories-36_51,9,36.51,345.02,2019-02-16,offline
770-42-8960,food-and-beverages-21_12,8,21.12,177.41,2019-01-01,offline
748-45-2862,home-and-lifestyle-28_31,4,28.31,118.9,2019-03-07,offline
234-36-2483,health-and-beauty-57_59,6,57.59,362.82,2019-02-15,offline
316-66-3011,food-and-beverages-47_63,9,47.63,450.1,2019-01-23,offline
848-95-6252,home-and-lifestyle-86_27,1,86.27,90.58,2019-02-20,online
840-76-5966,sports-and-travel-12_76,2,12.76,26.8,2019-01-08,online
152-03-4217,home-and-lifestyle-11_28,9,11.28,106.6,2019-03-17,offline
533-66-5566,home-and-lifestyle-51_07,7,51.07,375.36,2019-01-12,offline
124-31-1458,electronic-accessories-79_59,3,79.59,250.71,2019-01-08,offline
176-78-1170,health-and-beauty-33_81,3,33.81,106.5,2019-01-26,online
361-59-0574,sports-and-travel-90_53,8,90.53,760.45,2019-03-15,offline
101-81-4070,health-and-beauty-62_82,2,62.82,131.92,2019-01-17,online
631-34-1880,food-and-beverages-24_31,3,24.31,76.58,2019-01-08,offline
852-82-2749,sports-and-travel-64_59,4,64.59,271.28,2019-01-06,online
873-14-6353,food-and-beverages-24_82,7,24.82,182.43,2019-02-16,offline
584-66-4073,fashion-accessories-56_50,1,56.5,59.33,2019-03-13,online
544-55-9589,electronic-accessories-21_43,10,21.43,225.01,2019-01-28,offline
166-19-2553,sports-and-travel-89_06,6,89.06,561.08,2019-01-18,offline
737-88-5876,home-and-lifestyle-23_29,4,23.29,97.82,2019-03-19,offline
154-87-7367,home-and-lifestyle-65_26,8,65.26,548.18,2019-03-15,online
885-56-0389,fashion-accessories-52_35,1,52.35,54.97,2019-02-12,offline
608-05-3804,electronic-accessories-39_75,1,39.75,41.74,2019-02-25,offline
448-61-3783,electronic-accessories-90_02,8,90.02,756.17,2019-03-21,offline
761-49-0439,electronic-accessories-12_10,8,12.1,101.64,2019-01-19,online
490-95-0021,food-and-beverages-33_21,10,33.21,348.7,2019-01-08,online
115-38-7388,fashion-accessories-10_18,8,10.18,85.51,2019-03-30,offline
311-13-6971,sports-and-travel-31_99,10,31.99,335.89,2019-02-20,offline
291-55-6563,home-and-lifestyle-34_42,6,34.42,216.85,2019-03-30,online
548-48-3156,food-and-beverages-83_34,2,83.34,175.01,2019-03-19,offline
460-93-5834,sports-and-travel-45_58,7,45.58,335.01,2019-01-13,offline
325-89-4209,food-and-beverages-87_90,1,87.9,92.3,2019-02-05,online
884-80-6021,electronic-accessories-73_47,10,73.47,771.43,2019-03-23,online
137-74-8729,fashion-accessories-12_19,8,12.19,102.4,2019-03-13,online
880-46-5796,sports-and-travel-76_92,10,76.92,807.66,2019-03-17,online
389-70-2397,health-and-beauty-83_66,5,83.66,439.21,2019-02-21,offline
114-35-5271,electronic-accessories-57_91,8,57.91,486.44,2019-02-07,offline
607-76-6216,fashion-accessories-92_49,5,92.49,485.57,2019-03-02,offline
715-20-1673,electronic-accessories-28_38,5,28.38,149,2019-03-06,offline
811-35-1094,electronic-accessories-50_45,6,50.45,317.83,2019-02-06,offline
699-88-1972,health-and-beauty-99_16,8,99.16,832.94,2019-01-28,offline
781-84-8059,fashion-accessories-60_74,7,60.74,446.44,2019-01-18,online
409-49-6995,food-and-beverages-47_27,6,47.27,297.8,2019-02-05,offline
725-54-0677,health-and-beauty-85_60,7,85.6,629.16,2019-03-02,offline
146-09-5432,food-and-beverages-35_04,9,35.04,331.13,2019-02-09,online
377-79-7592,electronic-accessories-44_84,9,44.84,423.74,2019-01-14,offline
509-10-0516,home-and-lifestyle-45_97,4,45.97,193.07,2019-02-09,online
595-94-9924,health-and-beauty-27_73,5,27.73,145.58,2019-03-26,offline
865-41-9075,food-and-beverages-11_53,7,11.53,84.75,2019-01-28,offline
545-07-8534,health-and-beauty-58_32,2,58.32,122.47,2019-02-14,online
118-62-1812,home-and-lifestyle-78_38,4,78.38,329.2,2019-03-24,offline
450-42-3339,health-and-beauty-84_61,10,84.61,888.4,2019-02-09,offline
851-98-3555,health-and-beauty-82_88,5,82.88,435.12,2019-03-24,offline
186-71-5196,food-and-beverages-79_54,2,79.54,167.03,2019-03-27,online
624-01-8356,home-and-lifestyle-49_01,10,49.01,514.61,2019-01-27,offline
313-66-9943,food-and-beverages-29_15,3,29.15,91.82,2019-03-27,offline
151-27-8496,electronic-accessories-56_13,4,56.13,235.75,2019-01-19,online
453-33-6436,home-and-lifestyle-93_12,8,93.12,782.21,2019-02-07,offline
522-57-8364,fashion-accessories-51_34,8,51.34,431.26,2019-01-31,online
459-45-2396,food-and-beverages-99_60,3,99.6,313.74,2019-02-25,offline
717-96-4189,electronic-accessories-35_49,6,35.49,223.59,2019-02-02,offline
722-13-2115,sports-and-travel-42_85,1,42.85,44.99,2019-03-14,offline
749-81-8133,fashion-accessories-94_67,4,94.67,397.61,2019-03-11,offline
777-67-2495,home-and-lifestyle-68_97,3,68.97,217.26,2019-02-22,online
636-98-3364,electronic-accessories-26_26,3,26.26,82.72,2019-03-02,online
246-55-6923,home-and-lifestyle-35_79,9,35.79,338.22,2019-03-10,offline
181-82-6255,home-and-lifestyle-16_37,6,16.37,103.13,2019-02-08,offline
838-02-1821,home-and-lifestyle-12_73,2,12.73,26.73,2019-02-22,offline
887-42-0517,sports-and-travel-83_14,7,83.14,611.08,2019-01-10,offline
457-12-0244,sports-and-travel-35_22,6,35.22,221.89,2019-03-14,online
226-34-0034,electronic-accessories-13_78,4,13.78,57.88,2019-01-10,online
321-49-7382,sports-and-travel-88_31,1,88.31,92.73,2019-02-15,offline
397-25-8725,health-and-beauty-39_62,9,39.62,374.41,2019-01-13,offline
431-66-2305,electronic-accessories-88_25,9,88.25,833.96,2019-02-15,offline
825-94-5922,sports-and-travel-25_31,2,25.31,53.15,2019-03-02,online
641-62-7288,home-and-lifestyle-99_92,6,99.92,629.5,2019-03-24,online
756-93-1854,fashion-accessories-83_35,2,83.35,175.03,2019-02-02,offline
243-55-8457,food-and-beverages-74_44,10,74.44,781.62,2019-02-27,online
458-10-8612,health-and-beauty-64_08,7,64.08,470.99,2019-01-20,online
501-61-1753,home-and-lifestyle-63_15,6,63.15,397.85,2019-01-03,online
235-06-8510,home-and-lifestyle-85_72,3,85.72,270.02,2019-01-24,online
433-08-7822,health-and-beauty-78_89,7,78.89,579.84,2019-01-05,online
361-85-2571,sports-and-travel-89_48,5,89.48,469.77,2019-03-30,offline
131-70-8179,health-and-beauty-92_09,3,92.09,290.08,2019-02-17,offline
500-02-2261,food-and-beverages-57_29,6,57.29,360.93,2019-03-21,online
720-72-2436,food-and-beverages-66_52,4,66.52,279.38,2019-03-02,online
702-83-5291,fashion-accessories-99_82,9,99.82,943.3,2019-03-27,offline
809-69-9497,home-and-lifestyle-45_68,10,45.68,479.64,2019-01-19,online
449-16-6770,health-and-beauty-50_79,5,50.79,266.65,2019-02-19,offline
333-23-2632,health-and-beauty-10_08,7,10.08,74.09,2019-03-28,offline
489-82-1237,electronic-accessories-93_88,7,93.88,690.02,2019-01-05,offline
859-97-6048,electronic-accessories-84_25,2,84.25,176.93,2019-03-26,offline
676-10-2200,fashion-accessories-53_78,1,53.78,56.47,2019-02-03,online
373-88-1424,home-and-lifestyle-35_81,5,35.81,188,2019-02-06,online
365-16-4334,food-and-beverages-26_43,8,26.43,222.01,2019-02-24,online
503-21-4385,health-and-beauty-39_91,3,39.91,125.72,2019-02-21,online
305-89-2768,home-and-lifestyle-21_90,3,21.9,68.98,2019-01-09,online
574-80-1489,food-and-beverages-62_85,4,62.85,263.97,2019-02-25,online
784-08-0310,food-and-beverages-21_04,4,21.04,88.37,2019-01-13,offline
200-40-6154,home-and-lifestyle-65_91,6,65.91,415.23,2019-02-09,offline
846-10-0341,fashion-accessories-42_57,7,42.57,312.89,2019-01-06,offline
577-34-7579,food-and-beverages-50_49,9,50.49,477.13,2019-01-10,offline
430-02-3888,electronic-accessories-46_02,6,46.02,289.93,2019-02-07,offline
867-47-1948,home-and-lifestyle-15_80,10,15.8,165.9,2019-01-09,offline
384-59-6655,food-and-beverages-98_66,9,98.66,932.34,2019-02-19,offline
256-58-3609,fashion-accessories-91_98,1,91.98,96.58,2019-03-18,offline
324-92-3863,electronic-accessories-20_89,2,20.89,43.87,2019-02-05,offline
593-08-5916,fashion-accessories-15_50,1,15.5,16.27,2019-03-19,offline
364-34-2972,electronic-accessories-96_82,3,96.82,304.98,2019-03-30,offline
794-42-3736,food-and-beverages-33_33,2,33.33,69.99,2019-01-26,offline
172-42-8274,electronic-accessories-38_27,2,38.27,80.37,2019-03-02,offline
558-60-5016,home-and-lifestyle-33_30,9,33.3,314.69,2019-03-04,online
195-06-0432,home-and-lifestyle-81_01,3,81.01,255.18,2019-01-13,offline
605-03-2706,health-and-beauty-15_80,3,15.8,49.77,2019-03-25,offline
214-30-2776,electronic-accessories-34_49,5,34.49,181.07,2019-03-11,offline
746-04-1077,food-and-beverages-84_63,10,84.63,888.62,2019-01-01,offline
448-34-8700,home-and-lifestyle-36_91,7,36.91,271.29,2019-02-10,online
452-04-8808,electronic-accessories-87_08,7,87.08,640.04,2019-01-26,offline
531-56-4728,home-and-lifestyle-80_08,3,80.08,252.25,2019-02-11,offline
744-82-9138,fashion-accessories-86_13,2,86.13,180.87,2019-02-07,offline
883-69-1285,fashion-accessories-49_92,2,49.92,104.83,2019-03-06,offline
221-25-5073,food-and-beverages-74_66,4,74.66,313.57,2019-03-04,offline
518-71-6847,food-and-beverages-26_60,6,26.6,167.58,2019-02-26,online
156-20-0370,electronic-accessories-25_45,1,25.45,26.72,2019-03-10,offline
151-33-7434,food-and-beverages-67_77,1,67.77,71.16,2019-02-04,offline
728-47-9078,food-and-beverages-59_59,4,59.59,250.28,2019-01-19,offline
809-46-1866,health-and-beauty-58_15,4,58.15,244.23,2019-01-23,offline
139-32-4183,sports-and-travel-97_48,9,97.48,921.19,2019-03-14,online
148-41-7930,health-and-beauty-99_96,7,99.96,734.71,2019-01-23,offline
189-40-5216,electronic-accessories-96_37,7,96.37,708.32,2019-01-09,offline
374-38-5555,fashion-accessories-63_71,5,63.71,334.48,2019-02-07,online
764-44-8999,health-and-beauty-14_76,2,14.76,31,2019-02-18,online
552-44-5977,health-and-beauty-62_00,8,62,520.8,2019-01-03,offline
267-62-7380,electronic-accessories-82_34,10,82.34,864.57,2019-03-29,online
430-53-4718,health-and-beauty-75_37,8,75.37,633.11,2019-01-28,offline
886-18-2897,food-and-beverages-56_56,5,56.56,296.94,2019-03-22,offline
602-16-6955,sports-and-travel-76_60,10,76.6,804.3,2019-01-24,online
745-74-0715,electronic-accessories-58_03,2,58.03,121.86,2019-03-10,online
690-01-6631,fashion-accessories-17_49,10,17.49,183.65,2019-02-22,online
652-49-6720,electronic-accessories-60_95,1,60.95,64,2019-02-18,online
233-67-5758,health-and-beauty-40_35,1,40.35,42.37,2019-01-29,online
303-96-2227,home-and-lifestyle-97_38,10,97.38,1022.49,2019-03-02,online
727-02-1313,food-and-beverages-31_84,1,31.84,33.43,2019-02-09,offline
347-56-2442,home-and-lifestyle-65_82,1,65.82,69.11,2019-02-22,offline
849-09-3807,fashion-accessories-88_34,7,88.34,649.3,2019-02-18,offline